"빠른 입출력 — n개의 (a, b)를 읽어 a*b의 합 (0-2) — 시간·공간 복잡도?","시간 O(n) — 줄마다 상수 번의 읽기·분해·변환이므로 줄 수에 비례한다. 공간 O(1) — 한 줄씩 처리하고 버리므로 입력 전체를 들고 있지 않는다. 다만 상수가 크다. 위 실측에서 보듯 같은 O(n) 안에서 방식에 따라 4배가 갈린다."
"2차원 격자 만들기 — m행 n열을 0으로 (0-2) — 시간·공간 복잡도?","시간 O(nm) — 칸 하나마다 한 번 초기화하므로 칸 수에 비례한다. 공간 O(nm) — 정수 nm개와 행 포인터 m개. Python 쪽은 여기에 더해 각 칸이 객체 참조라 실제 메모리가 C++의 vector<vector<int>>보다 여러 배 크다. 이 차이는 0-3 Python 내장 자료구조의 실제 비용에서 다룬다."
"큰 수 — 20억 두 개를 더하고 곱한다 (0-2) — 시간·공간 복잡도?","덧셈은 자릿수 d에 대해 O(d) — 자리마다 한 번씩 더하고 올림을 넘긴다. 곱셈은 교과서 방식이면 O(d^2)다. C++의 int 연산은 d가 고정이라 O(1)이다."
"조각을 모아 한 줄 만들기 (0-3) — 시간·공간 복잡도?","시간 O(L) — L은 결과 전체 길이다. join은 조각들의 길이를 먼저 합해 버퍼를 한 번 잡고 각 조각을 한 번씩 복사하므로 전체 복사량이 L이다. 공간 O(L) — 결과 버퍼 하나. 조각들을 담은 리스트가 따로 L만큼 더 든다."
"최소 힙 — 넣은 순서와 무관하게 작은 것부터 (0-4) — 시간·공간 복잡도?","heappush/heappop이 각각 시간 O(log n) — 완전 이진 트리의 높이가 log n이고, 삽입은 새 잎에서 뿌리 방향으로, 삭제는 뿌리에서 잎 방향으로 한 층씩만 교환하기 때문이다. 공간 O(n) — 배열 하나뿐이고 포인터가 없다. 내부는 II-8 힙과 우선순위 큐에 있다."
"개수 세기 — 정렬 배열에서 x가 몇 개인가 (0-4) — 시간·공간 복잡도?","탐색은 시간 O(log n) — 매 비교마다 후보 구간의 폭이 절반으로 줄고, 폭 1까지 접는 횟수가 log_2 n이다. 공간 O(1). 다만 insort는 전체가 O(n)이다 — 위치는 O(log n)에 찾지만 삽입이 뒤쪽 원소를 전부 밀기 때문이다(0-3 §2.3)."
"단어 빈도 세기 (0-4) — 시간·공간 복잡도?","세기는 시간 O(n) — 원소마다 해시 한 번과 갱신 한 번이다. most_common(k)는 O(n log k) — 크기 k짜리 힙을 유지하며 n개를 훑는다. 인자 없이 부르면 전체 정렬이라 O(n log n)이다. 공간 O(u) — u는 서로 다른 원소의 수."
"안정 정렬 — 같은 키의 원래 순서가 보존된다 (0-4) — 시간·공간 복잡도?","시간 최악 O(n log n) — 병합 불변식이 런 크기를 지수적으로 유지해 병합 단계가 log n번이고 각 단계가 O(n)이다. 최선 O(n) — 입력이 하나의 런이면 훑기 한 번으로 끝난다. 공간 O(n) — 병합용 임시 버퍼가 필요하다. 실제로는 두 런 중 짧은 쪽만 복사하므로 O(n/2)이지만 표기는 O(n)이다."
"정수 n개를 읽어 합 구하기 — 빠른 입력 (0-5) — 시간·공간 복잡도?","시간 O(n) — 각 정수를 정확히 한 번 파싱한다. 공간 O(1) — 한 번에 정수 하나만 들고 있고 배열에 쌓지 않는다. 상수가 이 절의 주제다. 같은 O(n)이 4배 갈린다."
"누적합이 int 범위를 넘는 순간 (0-5) — 시간·공간 복잡도?","시간 O(n), 공간 O(1) — 원소를 한 번씩 더할 뿐이다. 복잡도는 같은데 답이 다르다."
"용량이 언제 늘어나는가 (0-6) — 시간·공간 복잡도?","push_back 한 번은 분할상환 O(1) — 용량이 찰 때마다 2배로 잡으면 n개를 넣는 동안 총 복사량이 1 + 2 + 4 + … + n < 2n이므로, 원소당 평균 상수 회 복사다. 다만 개별 호출의 최악은 O(n)이고 그 호출이 하필 실시간 루프 안에 걸리면 그때 지연이 튄다."
"단어 빈도 세기 — 정렬된 출력 (0-6) — 시간·공간 복잡도?","시간 O(n log m) — 단어 n개를 각각 트리에 넣고, 트리 높이가 서로 다른 단어 수 m에 대해 O(log m)이다. 문자열 비교 비용이 곱해지므로 실제로는 O(n L log m)(L은 단어 길이)이다. 공간 O(m). Python dict로 짜면 평균 O(n)이지만 정렬 출력에 O(m log m)이 붙어 결과는 비슷하다."
"점수 내림차순, 같으면 이름 오름차순 (0-7) — 시간·공간 복잡도?","시간 O(n log n) — 비교 기반 정렬의 하한이고 두 구현 모두 이를 달성한다. 비교자 안에서 문자열을 비교하므로 실제로는 문자열 길이 L이 곱해져 O(L n log n)이다. 공간은 sort가 O(log n)(재귀 스택), Python sort는 O(n)(Timsort의 병합 버퍼)이다."
"정렬 배열에서 값의 개수 세기 (0-7) — 시간·공간 복잡도?","시간 O(log n) — 매 단계 구간이 절반으로 줄고, 폭 n을 1까지 접는 횟수가 log_2 n이다. 공간 O(1). 다만 비교 횟수가 O(log n)인 것과 전체가 O(log n)인 것은 다르다. 다음 상자가 그 이야기다."
"한 번 쓰면 사라지는 반복자 (0-8) — 시간·공간 복잡도?","시간 O(n) — 각 원소를 한 번씩 읽는다. 공간 O(1) — 원소를 저장하지 않는 것이 입력 반복자의 요점이다. 그래서 두 번째 순회는 O(1)에 끝나고 답은 0이다."
"루프 변수를 담은 클로저 세 개 (0-8) — 시간·공간 복잡도?","시간 O(k) — 클로저 k개를 만들고 각각 한 번 호출한다. 공간 O(k) — 클로저마다 캡처한 값을 따로 들고 있다. 여기서 두 언어의 답이 갈린다."
"두 배 실험 하네스 (0-9) — 시간·공간 복잡도?","하네스 자체는 시간 O(\sum_i T(n_i)) — 마지막 크기가 전체를 지배하므로 사실상 O(T(n_{max}))이고, 크기를 두 배씩 키우면 그 앞의 항 전부를 합쳐도 마지막 항 하나를 넘지 않는다. 공간은 측정 대상이 쓰는 만큼 — 하네스가 따로 잡는 것은 시간 배열 REPS개뿐이라 O(1)이다."
"빠른 입출력 골격 — 정수 n개를 읽어 합을 낸다 (0-10) — 시간·공간 복잡도?","시간 O(n) — 입력 토큰마다 정수 변환 한 번, 덧셈 한 번이므로 토큰 수에 비례한다. 공간 O(n) — Python 쪽은 split()이 토큰 전부를 바이트열 리스트로 들고 있어 입력 크기에 비례하는 메모리를 쓴다. C++ 쪽은 한 번에 하나씩 읽어 O(1)이다. 이 차이가 Python에서 메모리 초과를 만드는 자리다. 입력이 수백 MB면 readline 반복으로 바꾼다."
"lower_bound — 손추적 표를 코드가 대신 찍게 하기 (0-11) — 시간·공간 복잡도?","시간 O(log n) — 매 반복 폭 hi - lo가 절반 이하로 줄고 폭이 0이면 끝나므로, 반복 횟수는 폭을 1까지 반으로 접는 횟수인 log_2 n을 넘지 않는다. 공간 O(1) — 재귀 없이 정수 변수 네 개만 쓴다."
"스트레스 테스트 하네스 — gen / brute / fast / 비교 루프 (0-12) — 시간·공간 복잡도?","한 회차가 시간 O(n^2) — brute의 이중 루프가 지배한다. n ≤ 6이므로 회차당 36회 미만이고, 10만 회를 돌려도 총 연산이 4 × 10^6 수준이라 0-9의 예산 안에 여유롭게 들어온다. 공간 O(n) — 매 회차 입력 하나만 들고 있다. brute의 복잡도를 걱정할 필요가 없다는 것이 이 구조의 핵심이다. 입력이 작아서 O(n^3)이어도 같은 결론이다."
"축소 (조각) — 실패를 유지하면서 더 못 깎을 때까지 (0-12) — 시간·공간 복잡도?","시간 O(K · (n + 1) · C) — 채택이 일어날 때마다 처음부터 다시 훑으므로, 채택 횟수 K에 한 바퀴의 후보 수 n+1과 판정 비용 C = O(n^2)을 곱한다. K의 상한은 측도 (원소 개수 + 값의 합)의 초기값이고 생성기가 작게 만들었으므로 수십을 넘지 않는다. 공간 O(n) — 후보 하나를 복사해 들고 판정한다. 이 함수는 실패한 뒤 한 번만 돌기 때문에 상수를 줄일 이유가 없다."
"치트시트 검증 — 같은 라벨로 같은 값을 찍는다 (0-13) — 시간·공간 복잡도?","검증 프로그램 자체는 시간 O(1) — 상수 크기 입력에 고정된 개수의 연산을 한다. 의미 있는 것은 각 줄이 대표하는 연산의 복잡도이고 §4의 표에 있다. 공간도 O(1)이다. 이 프로그램의 값어치는 성능이 아니라 ""표가 거짓말하지 않는다""는 보증이다."
"동전 {1, 4, 5} 로 8원 — 그리디와 DP (I-5) — 시간·공간 복잡도?","그리디는 시간 O(n log n) / 공간 O(1) — 정렬 한 번에 동전을 한 번씩만 훑는다. DP는 시간 O(nk) / 공간 O(k) — 금액 1부터 k까지 각각에 대해 동전 n종을 전부 보므로 곱이 되고, 금액마다 값 하나를 남긴다. 더 싼 쪽이 틀린 답을 낸다는 것이 이 사례의 전부다."
"5에서 17로 — 한 방향 DP와 BFS (I-5) — 시간·공간 복잡도?","한 방향 DP는 시간 O(K) — 좌표 하나당 상수 개의 후보를 보고 한 번씩만 채운다. BFS는 시간 O(V) — 좌표 하나가 큐에 최대 한 번 들어가고 나올 때 이웃 세 개를 보므로 총 연산이 좌표 수의 상수 배다. 둘 다 공간 O(V). 복잡도가 같은 자릿수인데 한쪽만 맞는다. 오분류가 성능 문제로 드러나지 않는 경우가 이래서 위험하다."
"마감 있는 작업 선택 — 정렬만 vs 정렬 + 최소 힙 (I-5) — 시간·공간 복잡도?","sort_only는 시간 O(n log n) — 정렬이 지배하고 이후 훑기는 O(n)이다. sort_and_heap도 시간 O(n log n) — 원소마다 push 한 번과 pop 최대 한 번이 붙고 각각 O(log n)이라 정렬과 같은 항이 하나 더 더해질 뿐이다. 둘 다 공간 O(n). 되무르는 능력을 얻는 데 든 비용은 자릿수가 아니라 상수뿐이다."
