"빅오 표기법","입력 크기 n이 커질 때 연산 횟수가 어떤 함수에 비례해 늘어나는지를 상한으로 나타낸 표기다. 상수 배수와 낮은 차수 항을 버리기 때문에 O(3n+50)과 O(n)은 같은 것으로 본다. 버려진 상수는 사라진 것이 아니라 표기 밖으로 밀려난 것뿐이고, 같은 O(n)끼리도 언어와 메모리 배치에 따라 수십 배 차이가 난다. 그래서 이 책은 복잡도를 적을 때 항상 그 항이 어디서 나왔는지와 상수가 언제 문제가 되는지를 함께 적는다. (0-9)"
"시간 복잡도","입력 크기에 대해 알고리즘이 수행하는 기본 연산 횟수의 증가율이다. 실제 초 단위 시간이 아니라 증가율이라는 점이 핵심이며, 그래서 기기가 달라져도 결론이 바뀌지 않는다. 제약조건에 적힌 N을 보고 허용되는 시간 복잡도를 거꾸로 계산하는 것이 유형 판별의 첫 단계다. (0-9)"
"공간 복잡도","입력 크기에 대해 알고리즘이 추가로 쓰는 메모리의 증가율이다. 입력 자체가 차지하는 공간을 뺀 보조 공간만 세는 것이 관례다. 메모리 제한이 걸린 문제에서는 시간보다 공간이 먼저 터지는 경우가 흔하고, 특히 2차원 DP 표와 인접 행렬이 대표적인 지점이다. (0-9)"
"상수 시간","입력 크기와 무관하게 정해진 횟수의 연산으로 끝나는 것, 즉 O(1)이다. 무조건 빠르다는 뜻이 아니다. 해시 조회는 O(1)이지만 해시 계산과 캐시 미스 때문에 배열 인덱싱보다 훨씬 느리다. O(1)이라고 쓸 때는 그 상수가 얼마나 크고 언제 문제가 되는지를 같이 말해야 한다. (0-9)"
"분할상환 분석","개별 연산 하나의 최악 비용이 아니라, 연산을 여러 번 수행했을 때의 평균 비용을 따지는 분석 방법이다. 동적 배열의 append가 대표적이다. 용량이 찰 때마다 전체를 복사하므로 그 한 번은 O(n)이지만, 용량을 일정 배수로 늘리면 복사 비용이 그 전까지의 append들에 나누어 떨어져 평균이 O(1)이 된다. 분할상환 O(1)은 어떤 한 번은 오래 걸린다는 뜻이므로, 지연 시간이 중요한 실시간 경로에서는 이 최악 한 번이 그대로 문제가 된다. (0-3)"
"안정 정렬","정렬 키가 같은 원소들의 원래 순서가 정렬 뒤에도 그대로 유지되는 정렬이다. 여러 기준으로 차례차례 정렬해 다중 키 정렬을 만들 때 이 성질이 필요하다. Python의 list.sort와 sorted는 Timsort라서 안정이고, C++의 std::sort는 introsort라서 불안정이며 안정성이 필요하면 std::stable_sort를 쓴다. 이 차이는 같은 코드를 두 언어로 옮길 때 실제로 결과를 바꾼다. (0-4)"
"strict weak ordering","C++ 표준 알고리즘의 비교자가 만족해야 하는 순서 관계의 조건이다. 비반사성(cmp(a,a)는 거짓), 비대칭성, 추이성, 그리고 동등 관계의 추이성을 요구한다. 가장 흔한 위반은 < 자리에 <=를 쓰는 것이다. 이 경우 같은 값끼리 cmp(a,a)가 참이 되어 std::sort가 배열 경계를 넘어 읽고 세그멘테이션 폴트를 낸다. 경고가 아니라 크래시다. (0-8)"
"자료구조","값을 저장하는 방식과 그 위에서 허용되는 연산의 집합, 그리고 각 연산의 비용을 함께 묶은 것이다. 자료구조를 고른다는 것은 저장 형태를 고르는 것이 아니라 어떤 연산을 싸게 만들고 어떤 연산을 비싸게 둘지를 고르는 일이다. 같은 원소 집합이라도 배열·연결 리스트·해시·트리는 조회·삽입·순서 유지의 비용 배분이 전부 다르다. (0-3)"
"그래프","정점의 집합과 정점 쌍을 잇는 간선의 집합으로 이루어진 구조다. 격자 지도, 모듈 의존 관계, 게임의 상태 공간처럼 겉모습이 전혀 다른 대상도 ""상태와 상태 사이의 이동""으로 읽는 순간 전부 그래프가 된다. 문제를 그래프로 보는 것 자체가 유형 판별의 큰 축이고, 그 뒤에 오는 알고리즘 선택은 가중치 유무와 부호가 결정한다. (i-4)"
"인접 리스트","각 정점마다 그 정점에서 갈 수 있는 이웃들의 목록을 따로 들고 있는 그래프 표현이다. 공간이 O(V+E)이고 한 정점의 이웃을 훑는 비용이 그 정점의 차수에 비례한다. 간선이 정점 수 제곱에 한참 못 미치는 희소 그래프에서는 인접 행렬보다 압도적으로 유리하며, 실전 문제의 그래프는 거의 다 희소하다. 반대로 ""두 정점이 연결되어 있는가""를 O(1)에 물어야 하면 인접 행렬이 낫다. (iv-1)"
"힙","부모가 자식보다 항상 작거나(최소 힙) 크다(최대 힙)는 조건만 지키는 완전 이진 트리다. 전체가 정렬되어 있지 않고 최솟값 또는 최댓값 하나만 꼭대기에 보장한다. 그 느슨함 덕분에 삽입과 최솟값 제거가 각각 O(log n)이고 배열 하나로 구현된다. Python의 heapq는 최소 힙 고정이고 C++의 priority_queue는 최대 힙이 기본이다. 방향이 반대라는 점이 이 두 언어를 오갈 때 가장 자주 나는 사고다. (0-4)"
"해시 충돌","서로 다른 키가 같은 버킷 위치로 사상되는 것이다. 버킷 수는 유한하고 키 공간은 사실상 무한하므로 충돌은 예외가 아니라 정상 동작이며, 해시 테이블의 설계는 충돌을 없애는 것이 아니라 싸게 처리하는 데 있다. 처리 방식은 같은 버킷에 목록을 매다는 체이닝과 다음 빈 칸을 찾아가는 개방 주소법으로 갈린다. 적재율이 높아지면 충돌이 급격히 늘어 조회가 O(n)으로 퇴화하므로 리사이즈가 필수다. (0-3)"
"개방 주소법","충돌이 나면 별도의 목록을 만들지 않고 테이블 안의 다른 빈 슬롯을 규칙에 따라 찾아가 저장하는 방식이다. 모든 원소가 한 배열 안에 연속으로 놓이므로 캐시 지역성이 좋다. 대신 삭제가 까다로워 삭제 표식을 남겨야 하고, 적재율이 높아질수록 탐사 길이가 급격히 길어진다. CPython의 dict와 set이 이 방식이다. (0-3)"
"캐시 지역성","최근에 접근한 주소 근처를 다시 접근할 가능성이 높다는 성질, 그리고 그 성질을 활용해 CPU 캐시 적중률을 높이는 것을 뜻한다. 메모리는 바이트 단위가 아니라 캐시 라인 단위로 읽히므로, 연속 메모리를 순서대로 훑으면 한 번의 적재로 여러 원소를 얻는다. 연결 리스트가 이론상 O(1) 삽입을 갖고도 실전에서 배열에 밀리는 이유가 이것이다. 복잡도가 같을 때 실제 속도를 가르는 것은 거의 항상 이 항목이다. (0-6)"
"정수 오버플로","고정 폭 정수 타입이 표현할 수 있는 범위를 넘는 값이 계산되어 값이 잘려 나가거나 부호가 뒤집히는 것이다. C++의 int는 대략 21억까지이므로 두 좌표를 곱하거나 거리를 누적하는 순간 쉽게 넘는다. 부호 있는 정수의 오버플로는 C++에서 정의되지 않은 동작이라 최적화기가 그 코드를 통째로 지워버릴 수도 있다. Python 정수는 임의 정밀도라 오버플로가 없는 대신 큰 수 연산이 느려진다. 같은 알고리즘이 한쪽에서만 틀리는 대표적인 지점이다. (0-5)"
"시간 초과(TLE)","채점기가 정한 제한 시간 안에 프로그램이 끝나지 않아 실패로 처리되는 것이다. 원인은 세 갈래다. 복잡도 자체가 틀렸거나, 복잡도는 맞는데 언어 상수가 커서 못 들어오거나, 알고리즘이 아니라 입출력이 병목이거나. 이 셋은 대응이 전혀 다르므로 먼저 어느 쪽인지를 가려야 한다. 입력을 절반으로 줄여 시간이 절반이 되는지 네 배가 되는지 재보면 첫째와 나머지가 갈린다. (0-10)"
"손추적(dry run)","코드를 실행하지 않고 상태 표를 손으로 채워 가며 한 스텝씩 따라가는 것이다. 목적은 결과를 확인하는 것이 아니라 머릿속 실행 모델을 코드와 맞추는 데 있다. 관찰할 변수를 고르는 일이 절반을 차지하며, 그 알고리즘의 불변식을 드러내는 변수만 열로 둔다. 무한 루프와 오프바이원은 실행 없이 표 세 줄에서 잡히는 경우가 대부분이다. (0-11)"
"불변식","특정 지점에서 항상 참이어야 하는 명제다. 루프 불변식은 루프의 머리에 도달할 때마다 참인 조건을 말한다. 예를 들어 반열림 구간 이분 탐색의 불변식은 ""답은 항상 구간 [lo, hi) 안에 있다""이다. 불변식이 정해지면 경계 갱신 규칙이 따라 나오고, 루프가 끝났을 때 무엇이 보장되는지도 따라 나온다. 손추적의 표는 이 불변식이 매 스텝 유지되는지를 눈으로 확인하는 장치다. (0-11)"
"측도","루프가 반드시 끝난다는 것을 보이기 위해 잡는, 매 반복마다 엄격히 줄어드는 음이 아닌 정수량이다. 이분 탐색이라면 구간의 폭 hi - lo가 측도다. 이 값이 줄지 않는 반복이 한 번이라도 존재하면 그 코드는 무한 루프에 빠질 수 있고, 손추적 표에 이 열을 두면 그 순간이 바로 보인다. 종료 증명은 불변식의 반쪽이다. 불변식이 정확성을 맡고 측도가 종료를 맡는다. (0-11)"
"오프바이원","인덱스나 반복 횟수가 정확히 하나 어긋나는 오류다. 근본 원인은 대부분 구간 표기의 혼용이다. 반열림 구간 [lo, hi)로 시작해 놓고 중간에 닫힌 구간 [lo, hi]의 갱신 규칙을 섞어 쓰면 반드시 하나가 어긋난다. 예방책은 재주가 아니라 규율이다. 한 함수 안에서는 구간 표기를 하나로 통일하고, 원소가 하나뿐인 입력과 답이 맨 끝에 있는 입력을 항상 손으로 확인한다. (0-11)"
"반열림 구간","왼쪽 끝은 포함하고 오른쪽 끝은 포함하지 않는 구간 [lo, hi)다. 구간의 길이가 정확히 hi - lo이고, 빈 구간이 lo == hi 하나로 표현되며, 구간을 둘로 쪼갤 때 경계가 겹치거나 벌어지지 않는다. 이 세 성질 때문에 이분 탐색·슬라이딩 윈도우·구간 분할은 거의 항상 반열림으로 짜는 쪽이 오프바이원에 강하다. Python의 슬라이스와 range, C++의 반복자 쌍이 모두 이 규약을 따른다. (0-11)"
"유형 판별","문제를 읽고 그것이 어떤 알고리즘 유형인지를 결정하는 일이다. 알고리즘 학습의 실질 병목은 지식의 부재가 아니라 문제와 알고리즘을 잇는 매핑의 실패다. 판별은 제약조건에서 허용 복잡도를 역산하고, 지문의 신호어로 후보를 두 개로 좁힌 뒤, 각 후보에 반례를 던져 하나를 떨어뜨리는 절차로 이루어진다. 이 책은 이 절차를 Part I에 모으고 각 알고리즘 챕터의 판별 상자로 역으로 심는다. (i-1)"
"신호어","지문에 등장하는 특정 표현 중 알고리즘 유형을 강하게 지시하는 문장 조각이다. ""최소 이동 횟수""는 가중치 없는 최단 거리, 곧 BFS를 가리킨다. ""경우의 수""는 DP나 조합, ""~를 최대화하는 최소값""은 매개변수 탐색, ""연결되어 있는지""는 유니온 파인드나 DFS를 가리킨다. 신호어는 확정이 아니라 후보 축소 장치다. 최종 판정은 항상 제약조건이 한다. (i-3)"
"제약조건 역산","지문보다 제약조건을 먼저 읽고 N의 범위에서 허용되는 복잡도를 거꾸로 계산하는 방법이다. N이 10만이면 O(n^2)은 100억 연산이라 불가능하므로 후보는 O(n log n) 이하로 좁혀진다. 반대로 N이 20 언저리면 O(2^n)이 허용되고, 그것은 비트마스크나 완전탐색을 쓰라는 신호다. 역산은 알고리즘을 고르는 것이 아니라 고를 수 없는 것을 지우는 작업이며, 그래서 지식이 얕아도 즉시 쓸 수 있다. (i-2)"
"매개변수 탐색","답 자체를 이분 탐색하는 기법이다. ""조건을 만족하는 최대값""처럼 답이 하나의 수이고, ""답이 X 이상인가""라는 판정이 X에 대해 단조롭게 참에서 거짓으로 바뀔 때 성립한다. 최적화 문제를 판정 문제로 바꾸는 것이 핵심이고, 판정 함수는 대개 그리디나 단순 순회로 짤 수 있다. ""~를 최대화하는 최소값"", ""최소 시간"" 같은 표현이 대표 신호어다. (i-3)"
"점화식","어떤 상태의 값을 더 작은 상태들의 값으로 정의하는 식이다. DP의 심장이다. 점화식이 성립하려면 최적 부분구조, 즉 큰 문제의 최적해가 작은 부분 문제들의 최적해로 이루어져야 한다. 최단경로의 벨만 방정식 d(v) = min(d(u) + w(u,v))도 점화식이며, 다익스트라·벨만포드·플로이드워셜은 이 하나의 점화식을 어떤 순서로 푸느냐의 차이일 뿐이다. (i-3)"
"메모이제이션","재귀 함수의 계산 결과를 상태별로 저장해 두고 같은 상태가 다시 오면 저장된 값을 그대로 돌려주는 기법이다. 위에서 아래로 내려가는 하향식 DP이며, 실제로 필요한 상태만 계산한다는 장점이 있다. 대신 재귀 깊이 한계와 호출 오버헤드를 안는다. Python은 기본 재귀 한도가 1000이라 깊은 상태 공간에서는 명시적으로 올려야 하고, 그마저 위험하면 아래에서 쌓아 올리는 타뷸레이션으로 바꾼다. (viii-2)"
"백트래킹","부분해를 하나씩 확장해 가다가 더 이상 유망하지 않다고 판단되면 마지막 선택을 되돌리고 다른 가지로 넘어가는 완전탐색이다. 핵심은 되돌리기 자체가 아니라 되돌릴 지점을 언제 판단하느냐에 있다. 되돌릴 때 상태를 정확히 원래대로 복구하지 못하는 것이 이 유형의 대표 버그이며, 선택과 복구를 한 쌍으로 붙여 쓰는 규율로 막는다. (iii-4)"
"가지치기","탐색 트리에서 답이 나올 수 없다고 확정된 가지를 더 내려가기 전에 잘라내는 것이다. 가지치기는 복잡도의 지수를 바꾸지 않는다. 최악의 경우는 그대로 O(2^n)이다. 그럼에도 실전에서 통과와 시간 초과를 가르는 이유는 실제 입력에서 잘려 나가는 가지의 비율이 압도적이기 때문이다. 조건은 하나다. 잘라낸 가지에 답이 있으면 안 된다. (iii-4)"
"브루트포스","가능한 모든 경우를 빠짐없이 시도해 답을 찾는 방법이다. 느리다는 이유로 얕보기 쉽지만 두 가지 중요한 역할이 있다. 하나는 N이 작을 때 그 자체로 정답이라는 것이고, 다른 하나는 빠른 알고리즘의 정답 여부를 검증하는 기준 구현이 된다는 것이다. 랜덤 입력을 두 구현에 동시에 먹여 출력이 갈리는 순간을 잡는 스트레스 테스트가 반례를 찾는 가장 확실한 방법이다. (0-12)"
"허용 가능 휴리스틱","어떤 정점에서 목표까지의 실제 최소 비용을 절대 과대평가하지 않는 휴리스틱 함수다. 즉 모든 정점 n에 대해 h(n) ≤ h(n)이다. A\가 최적해를 보장하려면 이 조건이 필요하다. 격자에서 상하좌우만 이동할 수 있으면 맨해튼 거리가 허용 가능하지만, 대각선 이동이 허용되면 같은 함수가 과대평가가 되어 최적성이 깨진다. 더 강한 조건인 consistent(단조)를 만족하면 닫힌 목록에 한 번 들어간 정점을 다시 열 필요가 없어진다. (v-5)"
"매핑 결손","알고리즘 자체는 알고 있는데 어떤 지문이 그 알고리즘의 자리인지 알아보지 못하는 상태다. 알고리즘을 아예 모르는 지식 결손과 원인도 처방도 다르다. 지식 결손은 목록이 닫혀 있어 공부로 메워지지만, 매핑 결손은 문제마다 새로 요구되고 해설을 읽는 것으로는 거의 메워지지 않는다. 해설이 매핑의 결과만 주고 근거를 생략하기 때문이다. 이 책이 Part I을 자료구조보다 앞에 두는 근거가 이 구분이다. (i-1)"
"지식 결손","알고리즘 자체를 모르는 상태다. 이름을 들었을 때 그것이 무엇인지 답할 수 없으면 이 결손이다. 범위가 유한하고 목록이 닫혀 있어 한 번 채우면 다시 비지 않는다는 점에서 매핑 결손과 다르다. 문제를 못 푼 원인이 둘 중 어느 쪽인지 먼저 진단해야 다음 행동이 정해진다. (i-1)"
"정박 효과","먼저 접한 정보가 이후의 판단을 붙잡아 두는 현상이다. 문제 풀이에서는 제약조건보다 지문을 먼저 읽었을 때 나타난다. 이야기에 몰입하면 특정 풀이가 먼저 자리를 잡고, 뒤에 확인한 N은 그 풀이를 배제하는 근거가 아니라 어떻게든 통과시킬 방법을 찾는 근거로 쓰인다. 제약조건을 지문보다 먼저 읽는 규칙은 취향이 아니라 이 편향에 대한 방어다. (i-1)"
"메모리 제한 역산","메모리 제한을 원소 개수로 환산해 후보 알고리즘을 거르는 절차다. 128MB는 134,217,728바이트이므로 4바이트 int 기준 약 3.3×10^7개, 8바이트 long long 기준 약 1.6×10^7개다. DP 표의 칸 수를 먼저 곱해 이 값과 비교하면 시간이 충분해도 들어가지 못하는 풀이를 코드 없이 배제할 수 있다. 같은 개수라도 언어에 따라 실제 사용량이 크게 다르다는 점까지 함께 본다. (i-2)"
"역신호","신호어처럼 보이지만 그 유형을 부르지 않는 표현이다. 그래프가 아닌 대상에 쓰인 ""최단"", 답이 사실상 하나로 정해지는 문제의 ""최대"", 실제로는 셀 필요가 없는 ""모든 경우""가 대표적이다. 신호어를 판정기로 쓰면 역신호에서 반드시 걸린다. 조각 하나로 확정하지 않고 두 개 이상이 같은 방향을 가리킬 때만 후보로 세우는 규칙이 이 실패를 막는다. (i-3)"
"2축 매트릭스","입력 형태(격자·그래프·수열·문자열·기하·수 하나)와 묻는 것(존재·개수·최적·구성)을 두 축으로 놓고 각 칸에 후보 알고리즘을 채운 표다. 신호어는 축 하나만 건드리므로 그것만으로는 후보가 좁혀지지 않는다. 입력 형태는 입력 형식이 결정하고, 묻는 것은 출력 문장 한 줄이 결정한다. 묻는 것에는 비용의 순서가 있어 존재가 가장 싸고 구성이 가장 비싸며, 개수는 중복을 세지 않는 상태 정의라는 별도의 어려움을 갖는다. (i-4)"
"미정의 동작","표준이 결과를 전혀 규정하지 않은 연산이다. 부호 있는 정수 오버플로, 배열 범위 밖 접근, 죽은 참조 읽기, strict weak ordering을 어긴 비교자가 대표적이다. 핵심은 '이상한 값이 나온다'가 아니라 '컴파일러가 그 일이 일어나지 않는다고 가정하고 코드를 다시 쓴다'는 것이다. g++ 13은 x + 1 > x를 최적화를 끈 상태에서도 상수 참으로 접고, 오버플로 가드가 달린 루프를 통째로 삭제했다. 그래서 UB는 값의 문제가 아니라 코드가 사라지는 문제다. (0-5)"
"스트림 동기화","C++의 cin/cout과 C의 scanf/printf가 같은 버퍼를 문자 단위로 공유해 두 방식을 섞어 써도 순서가 보장되는 상태다. 이 보장 때문에 C++ 스트림은 자기 버퍼를 미리 채워 둘 수 없고, 그래서 느리다. ios_base::sync_with_stdio(false)로 끊으면 정수 100만 개 읽기가 0.379초에서 0.094초가 된다. 대가는 두 방식을 섞을 수 없다는 것이고, 섞으면 출력 순서가 뒤바뀐다. (0-5)"
"이터레이터 무효화","컨테이너를 수정했을 때 기존의 이터레이터·참조·포인터가 더 이상 유효하지 않게 되는 것이다. vector는 재할당이 일어나면 전부 무효가 되고, 그 뒤에 옛 참조를 읽으면 대개 프로그램이 죽지 않고 쓰레기 값을 돌려준다. 조용히 지나가기 때문에 더 위험하다. 규칙은 컨테이너마다 달라서 list와 map은 삽입에 무효화가 없고, deque와 unordered_map은 이터레이터만 무효가 되고 참조는 유효하다. (0-6)"
"캐시 라인","CPU가 메모리를 읽어 오는 최소 단위다. x86-64에서 64바이트이므로 int 하나를 읽으면 인접한 16개가 함께 실려 온다. 연속 배치된 vector는 이 성질을 그대로 얻지만 노드마다 흩어진 list는 라인 하나에서 값 두세 개만 쓴다. 같은 O(n) 순회가 실측으로 206배까지 갈리는 원인이며, 복잡도 표에는 이 차이가 나타나지 않는다. (0-6)"
"포인터 추적","다음에 읽을 주소가 지금 읽은 값에 들어 있어서, 메모리 접근을 미리 시작할 수 없는 접근 패턴이다. 연결 리스트와 트리 순회가 여기 해당한다. CPU의 프리페처는 순차 접근을 감지해 다음 캐시 라인을 미리 가져오는데 이 패턴에서는 예측할 대상이 없으므로 메모리 지연이 계산으로 가려지지 않고 그대로 드러난다. map이 같은 비교 횟수의 정렬 배열보다 6배 느린 이유다. (0-6)"
"introsort","std::sort의 실제 알고리즘이다. 퀵소트로 분할하다가 재귀 깊이가 2log_2 n을 넘으면 힙 정렬로 전환하고, 크기 16 이하의 구간은 남겨 두었다가 마지막에 전체를 삽입 정렬로 한 번 훑는다. 깊이 가드가 최악을 O(n log n)으로 묶기 때문에 특정 입력으로 이차 시간을 유도할 수 없고, 재귀 깊이도 로그로 제한되어 스택이 터지지 않는다. 순진한 퀵소트는 정렬된 20만 개 입력에서 스택을 다 쓰고 죽는다. (0-7)"
"erase-remove 관용구","v.erase(remove(v.begin(), v.end(), x), v.end()) 형태로 원소를 실제로 지우는 관용구다. remove와 unique는 이터레이터 두 개만 받으므로 컨테이너에 접근할 수 없고, 따라서 크기를 바꾸지 못한다. 원소를 앞으로 밀어 모으고 새 끝 위치를 돌려주는 것이 전부여서 뒤쪽에는 옛 값이 남는다. 알고리즘과 컨테이너를 반복자로 분리한 설계의 직접적인 결과다. (0-7)"
"반복자 카테고리","반복자가 지원하는 연산의 단계다. 입력·출력·순방향·양방향·임의 접근 다섯이며, 표준 알고리즘은 각자 필요한 최소 단계를 요구한다. 핵심은 이것이 성능의 이름이라는 점이다. std::distance와 std::lower_bound는 임의 접근이면 뺄셈과 점프로 끝나지만 양방향이면 한 칸씩 걷는다. std::set에 std::lower_bound를 쓰면 컴파일은 되고 실측으로 약 1만 배 느려진다. (0-8)"
"클로저","함수와 그 함수가 참조하는 바깥 변수를 함께 묶은 것이다. C++ 람다는 컴파일러가 만든 익명 클래스의 객체이고 캡처한 변수가 그 멤버가 된다. 캡처 방식을 값과 참조 중에서 명시해야 하며, 클로저가 그것을 만든 스코프보다 오래 사는데 참조로 캡처했다면 죽은 메모리를 읽는다. Python 클로저는 기본이 변수 자체를 참조하는 늦은 바인딩이라 같은 루프 코드가 두 언어에서 다른 결과를 낸다. (0-8)"
"타입 소거","서로 다른 구체 타입을 하나의 공통 인터페이스 뒤로 숨겨 같은 컨테이너나 변수에 담을 수 있게 하는 기법이다. std::function이 대표적이며, 어떤 호출 가능 객체든 담는 대신 호출이 간접 분기를 거쳐 인라인이 불가능해진다. 정렬 비교자로 쓰면 비교마다 그 비용이 들어 실측으로 1.78배 느려진다. 타입마다 고유한 클래스인 람다를 그대로 넘기면 인라인되어 기본 비교와 같은 속도가 나온다. (0-8)"
"간격 반복 복습","복습 간격을 성과에 따라 늘리거나 줄여 장기 기억에 남기는 학습 스케줄링 기법이다. 이 책의 복습 큐는 SM-2 알고리즘을 쓰고, 챕터 단위가 아니라 ::: classify와 ::: quiz 항목 단위로 스케줄링한다. 알고리즘 학습에서 휘발하는 것은 ""챕터를 읽었다""가 아니라 ""이 지문을 보고 유형을 맞출 수 있다""이기 때문이다. (0-1)"
"회상과 재인","회상은 단서만 보고 답을 스스로 떠올리는 것이고, 재인은 답을 보여 주면 맞다고 알아보는 것이다. 둘은 별개의 능력이며 재인이 훨씬 쉽다. 복습 카드의 뒷면을 보고 ""아 맞다""라고 느끼는 것은 재인이지 회상이 아니므로 ""모름""으로 평가해야 한다. 시험장과 실무에는 뒷면이 없다. (0-1)"
"임의 정밀도 정수","자릿수 상한이 없어 값이 커지면 메모리를 더 쓰는 정수 타입이다. Python의 int가 그렇고, 그래서 오버플로가 존재하지 않는다. 대가는 연산 비용이 자릿수에 비례한다는 것인데, 64비트 이하에서는 사실상 공짜이고 1024비트를 넘어야 곱셈이 수십 배로 벌어진다. C++의 int·long long은 반대로 크기가 고정이라 연산이 상수 시간이지만 넘치면 미정의 동작이다. (0-2)"
"얕은 복사","컨테이너를 복제할 때 원소 객체까지 복제하지 않고 원소를 가리키는 참조만 복제하는 것이다. Python의 반복 연산자가 그렇게 동작하므로 [[0]n]m은 리스트 하나를 가리키는 참조를 m개 늘어놓는다. 그래서 한 행을 고치면 모든 행이 함께 바뀐다. 원소가 불변이면 드러나지 않고 가변일 때만 사고가 나기 때문에, 1차원 [0]n으로 성공한 경험이 2차원으로 잘못 확장되는 경로가 흔하다. (0-2)"
"과할당","동적 배열이 꽉 찼을 때 필요한 만큼이 아니라 여유를 두고 더 크게 다시 잡는 것이다. CPython의 list는 약 12.5%씩 늘리고 C++의 vector는 대개 두 배로 늘린다. 증가폭이 현재 크기에 비례하기 때문에 총 복사량이 등비급수로 수렴해 append가 분할상환 O(1)이 된다. 증가폭이 상수라면 같은 연산이 O(n^2)이 된다. (0-3)"
"해시 시드 무작위화","프로세스가 시작될 때마다 무작위 시드를 정해 문자열 해시 계산에 섞는 방어 기법이다. 공격자가 같은 슬롯으로 몰리는 키를 미리 계산해 보내는 해시 DoS를 막는다. 부작용으로 hash(""abc"")가 실행할 때마다 달라지므로 해시값에 의존하는 코드의 동작이 실행마다 바뀐다. 재현이 필요하면 PYTHONHASHSEED로 고정한다. (0-3)"
"Timsort","Python의 list.sort()와 sorted()가 쓰는 안정 정렬이다. 병합 정렬과 삽입 정렬을 합친 적응적 알고리즘으로, 입력에서 이미 정렬된 구간(런)을 찾아 병합 단위로 재사용한다. 최악 O(n log n), 최선 O(n)이며 실측에서 이미 정렬된 200만 개를 무작위 입력의 1/50 시간에 정렬한다. 핵심 장치는 런 탐지, 병합 불변식, 갤러핑 셋이다. (0-4)"
"런","정렬 알고리즘이 입력에서 찾아내는, 이미 정렬되어 있는 최대 구간이다. Timsort는 배열을 훑으며 오름차순 런은 <=로, 내림차순 런은 엄격한 >로 이어 붙이고 내림차순 런은 제자리에서 뒤집는다. 부등호를 엄격하게 두는 이유는 같은 값이 섞인 구간을 뒤집으면 안정성이 깨지기 때문이다. 런이 minrun보다 짧으면 이진 삽입 정렬로 길이를 채운다. (0-4)"
"갤러핑","두 런을 병합할 때 한쪽이 연속으로 일정 횟수(CPython 기준 7회) 이상 이기면 하나씩 비교하는 대신 지수적으로 건너뛰며 넘어설 지점을 찾고 그 안을 이분 탐색하는 최적화다. 두 런의 값 범위가 거의 겹치지 않을 때 크게 이긴다. 실측에서 겹치지 않는 두 런 20만 개의 병합이 44번의 비교로 끝난 반면, 지퍼처럼 맞물린 두 런은 20만 번을 전부 비교했다. (0-4)"
"적응적 정렬","입력이 이미 정렬된 정도에 따라 실제 비교 횟수가 줄어드는 정렬 알고리즘이다. Timsort가 대표적이고, 이미 정렬된 입력에서 비교가 정확히 n-1회로 끝나 O(n)이 된다. ""비교 정렬은 O(n log n)보다 빠를 수 없다""는 하한은 n!가지 순열을 구분해야 하는 무작위 입력에 대한 명제이므로, 후보가 그만큼 많지 않은 입력에는 적용되지 않는다. C++의 std::sort(introsort)는 적응적이지 않다. (0-4)"
"두 배 실험","입력 크기 n을 두 배씩 늘려 가며 실행 시간을 재고, 직전 대비 배수로 복잡도의 지수를 읽어 내는 절차다. T(n)=c· n^k이면 T(2n)/T(n)=2^k이므로 지수는 배수의 log_2다. 배수 2면 O(n), 4면 O(n^2), 8이면 O(n^3)이다. 코드를 읽지 않고도 판정할 수 있다는 것이 이 방법의 값어치이고, 대신 O(n)과 O(n log n)은 구분하지 못한다 — 후자의 이론 배수가 2+2/log_2 n이라 n이 클수록 2에 붙기 때문이다. (0-9)"
"연산 예산","주어진 시간 제한 안에 수행할 수 있는 기본 연산의 총 횟수다. 흔히 ""1초 ≈ 10^8 연산""으로 어림하지만, 실측하면 연산 하나의 단가가 워크로드에 따라 자릿수로 갈린다 — 연속 배열 접근과 해시 조회는 같은 ""연산 1회""인데 100배 이상 차이 난다. 그래서 예산은 하나의 숫자가 아니라 최선 단가와 최악 단가로 만든 구간으로 잡아야 하고, 그 구간에서 N의 상한을 역산하는 것이 제약조건 역산의 실체다. (0-9)"
"인터프리터 오버헤드","바이트코드 한 명령을 해석하고 실행하는 데 드는 고정 비용이다. Python과 C++의 성능 배수가 워크로드마다 다른 이유가 여기 있다 — 인터프리터가 직접 도는 루프(DP 갱신, 산술 루프)는 배수가 50~100배로 벌어지고, 정렬·해시·입출력처럼 일을 C 구현에 넘기는 연산은 3~5배로 좁혀진다. 따라서 Python 최적화의 방향은 루프를 줄이는 것이 아니라 루프를 표준 라이브러리 안으로 옮기는 것이다. (0-10)"
"스트레스 테스트","느리지만 확실히 맞는 브루트포스와 검증 대상인 빠른 구현에 같은 무작위 입력을 던져, 두 답이 갈리는 순간을 반례로 잡는 절차다. 생성기(gen)·브루트포스(brute)·검증 대상(fast)·비교 루프의 네 조각으로 이루어지고 문제가 바뀌어도 구조는 그대로다. 생성기 설계가 절반을 차지하는데, 입력을 작게 만들어야 반례를 읽을 수 있고 값 범위를 좁혀야 중복과 동점이 생겨 실전 버그가 드러난다. (0-12)"
"입력 축소","실패하는 입력을 실패가 유지되는 한도에서 계속 깎아 최소 반례로 만드는 절차다. 한 번에 한 곳만 건드리고, 깎은 뒤에도 여전히 실패하면 채택하고 아니면 되돌린다. 채택될 때마다 (원소 개수, 값의 합) 같은 측도가 반드시 줄어들기 때문에 반드시 끝난다. 속성 기반 테스트 도구의 핵심 기능이며, 버그 리포트의 재현 절차를 줄이는 작업이나 변경 이력에서 원인 커밋을 이분 탐색으로 찾는 작업도 같은 발상이다. (0-12)"
"최소 반례","프로그램이 틀리는 입력 중 더 이상 줄일 수 없는 것이다. 어느 방향으로 축소해도 실패가 사라지는 지점이며, 그래서 남아 있는 모든 요소가 버그와 직접 관계있다. 크기가 작아 손추적으로 끝까지 따라갈 수 있고, 그대로 회귀 테스트 케이스가 된다. 무작위 검사에서 처음 걸린 입력은 대개 필요 이상으로 커서 그 자체로는 진단에 쓰기 어렵다. (0-12)"
"바닥 나눗셈","몫을 음의 무한대 방향으로 내림하는 정수 나눗셈이다. Python의 //가 이 방식이라 -7 // 2 == -4이고 나머지 부호가 제수를 따라 -7 % 2 == 1이다. C++의 /는 0 방향으로 절삭해 -7 / 2 == -3이고 나머지 부호가 피제수를 따라 -7 % 2 == -1이다. 두 언어를 오갈 때 문법 오류 없이 값만 갈리는 대표 지점이며, 좌표를 격자 인덱스로 바꾸는 코드에서 원점 왼쪽의 인덱스가 하나 어긋나는 형태로 나타난다. (0-13)"
"오분류","문제의 유형을 실제와 다르게 판정하는 것. 무작위로 일어나지 않고 세 조건이 겹칠 때만 발생한다. ① 지문이 거의 같은데 정답 알고리즘이 다른 이웃 문제가 실재하고, ② 지문에 딸린 작은 예제에서는 틀린 알고리즘도 정답을 내며, ③ 틀린 쪽이 맞는 쪽보다 복잡도가 싸서 먼저 검토된다. 이 때문에 오분류는 아무 방향으로나 가지 않고 늘 같은 쪽으로 간다. 비용은 오답 자체가 아니라 오답까지 걸린 구현 시간이다. (i-5)"
"반례","어떤 알고리즘이 옳다는 주장을 무너뜨리는 구체적인 입력. 유형 판별에서 후보를 기각하는 유일한 확실한 수단이며, 크기가 클 필요가 전혀 없다. 그리디를 죽이는 동전 반례는 동전 세 종류와 금액 하나로, 0/1 배낭의 비율 그리디를 죽이는 반례는 물건 세 개로 충분하다. 반례를 만들지 못한 것은 후보가 옳다는 증거가 아니라 아직 기각하지 못했다는 뜻이다. (i-5)"
"이웃 문제","지문의 문장은 거의 같은데 제약조건 한 줄이 달라 정답 알고리즘이 갈리는 문제 쌍. 백준 11047과 2294(동전 값의 배수 조건 유무), 1697과 13549(순간이동 비용 1초 대 0초), 11399와 1781(되무르기 필요 여부)이 그 예다. 오분류는 알고리즘을 몰라서가 아니라 아는 것 중에서 이웃을 집을 때 일어나므로, 판별 훈련의 핵심은 이웃 쌍을 쌍으로 외우고 그 둘을 가르는 한 줄을 지목할 수 있게 되는 것이다. (i-5)"
"단조성","어떤 값을 한 방향으로 움직였을 때 판정 결과가 한 방향으로만 변하는 성질. 투 포인터는 ""왼쪽 포인터를 밀면 창의 합이 줄어든다""는 단조성 위에서만 성립하고, 매개변수 탐색은 ""답의 후보를 키우면 판정이 참에서 거짓으로 한 번만 바뀐다""는 단조성 위에서만 성립한다. 지문의 ""자연수"", ""양의 정수""가 이 성질을 보증하는 신호어이고, 그냥 ""정수""이면 보증이 없다. (i-5)"
"5분 프로토콜","지문을 펼친 순간부터 유형을 확정할 때까지를 다섯 단계와 시간 예산으로 고정한 절차. 제약 역산(45초) → 지문 1회독(90초) → 후보 2개(60초) → 반례 던지기(75초) → 확정(30초)이며, 각 단계에는 종이에 남는 산출물이 있고 산출물이 없으면 그 단계는 수행되지 않은 것으로 본다. 5분은 최적값이 아니라 결정 시점을 만드는 타이머이고, 총 시험 시간과 문제 수에서 산술로 조정한다. (i-6)"
"후보 두 개 규칙","유형 판별에서 알고리즘 후보를 정확히 두 개 세우는 규칙. 하나면 비교 대상이 없어 검증 없이 착수하게 되고, 셋 이상이면 각각에 반례를 던지는 작업이 예산을 넘는다. 두 후보는 지문이 같을 때 헷갈릴 만한 이웃이어야 하며, 서로 무관한 둘을 적었다면 입력 형태나 묻는 것을 잘못 읽은 것이므로 지문 읽기 단계로 돌아간다. (i-6)"
"손절 타이머","한 문제에 붙드는 시간을 감정이 아니라 미리 정한 임계값이 결정하게 만드는 장치. 판별 타이머(프로토콜 5분), 구현 타이머(착수 시 추정한 구현 시간의 2배), 제출 타이머(같은 문제 오답 2회) 셋을 쓴다. 이 값들은 실측된 최적값이 아니라 총 시간과 문제 수에서 나온 산술이며, 역할은 정확성이 아니라 매몰비용이 결정을 지배하지 못하게 결정 시점을 강제로 만드는 것이다. (i-7)"
"매몰비용","이미 지불해서 회수할 수 없는 비용. 시험 운영에서는 한 문제에 이미 쓴 시간이고, 남은 결정에 아무 정보도 주지 않아야 하지만 실제로는 ""여기서 넘기면 그 시간을 버리는 것""이라는 느낌으로 결정을 지배한다. 진행 중에는 자각되지 않으므로 의지로 막을 수 없고, 임계값과 타이머 같은 규칙으로만 막힌다. (i-7)"
"훑기 라운드","시험 시작 직후 모든 문제를 문제당 45초씩 한 번 훑어 A/B/C 등급을 매기는 단계. 제약만 읽어 허용 복잡도를 적고 지문은 첫 문단과 질문 문장만 본다. 문제 번호 순서와 난도 순서가 일치하지 않기 때문에 필요하며, 고정된 비용을 내고 ""풀 수 있었던 문제를 펼쳐 보지도 못하는"" 손실을 없앤다. (i-7)"
"링 버퍼","고정 크기 배열의 양 끝을 논리적으로 이어 붙여 원처럼 쓰는 큐다. 앞에서 원소를 꺼낼 때 뒤의 원소를 밀지 않고 head 인덱스만 옮기므로 양 끝 연산이 모두 O(1)이다. 인덱스는 항상 % 용량으로 접는다. head와 tail만으로는 빈 상태와 꽉 찬 상태를 구분할 수 없어 원소 수를 따로 세거나 한 칸을 영구히 비워 둔다. 용량이 고정이라는 점이 결함이 아니라 성질이다 — 넘칠 때 무엇을 버릴지 강제로 결정하게 만든다. (ii-5)"
"덱","양쪽 끝에서의 삽입과 삭제가 모두 O(1)인 큐다. 큐가 하는 일을 전부 하면서 ""방금 넣은 것을 취소한다""를 더 할 수 있다. Python의 collections.deque는 고정 크기 블록의 이중 연결 리스트라 중간 인덱싱이 O(n)이고, C++의 std::deque는 블록 포인터 표를 들고 있어 인덱싱까지 O(1)이다. 같은 이름의 자료구조가 언어마다 다른 비용 특성을 갖는 대표 사례다. (ii-5)"
"단조 덱","안에 담긴 값이 항상 단조(증가 또는 감소)이도록 유지되는 덱이다. 슬라이딩 윈도우 최댓값에서 새 값보다 작은 뒤쪽 원소는 창에서 더 먼저 사라지므로 영원히 답이 될 수 없고, 그런 원소를 뒤에서 버리면 덱은 값 내림차순으로 유지된다. 그래서 창의 최댓값이 항상 덱의 맨 앞이다. 각 원소가 한 번 들어가고 많아야 한 번 나오므로 안쪽 반복문이 있어도 전체가 O(n)이다. (ii-5)"
"해시 함수","키를 정수 하나로 접는 함수다. 결정적일 것, 고르게 흩어질 것, 빠를 것 세 가지를 동시에 요구받는다. 셋째 때문에 암호학적 해시를 그대로 쓰지 않는다. 해시값은 키만의 함수이고 버킷 번호는 해시값과 용량의 함수다 — 이 둘을 구분하지 못하면 리해싱이 무엇을 바꾸는지 설명할 수 없다. 해시값이 같아서 나는 충돌은 용량을 늘려도 사라지지 않는다. (ii-6)"
"적재율","해시 테이블의 원소 수를 칸 수로 나눈 값 α다. 조회 비용을 지배하는 단 하나의 값이며, 선형 탐사에서 평균 탐사 횟수는 성공 조회가 약 (1+1/(1-α))/2, 실패 조회가 약 (1+1/(1-α)^2)/2다. 분모가 α \to 1에서 발산하므로 모든 구현이 상한을 두고 넘으면 리해싱한다. 실측에서 α = 0.75일 때 성공 조회는 2.5칸인데 실패 조회는 이미 8.5칸이다 — O(1)은 실패 조회에서 먼저 무너진다. (ii-6)"
"체이닝","해시 충돌을 버킷마다 연결 리스트를 달아 처리하는 방식이다. 적재율이 1을 넘어도 동작하고 삭제가 단순하다는 것이 장점이고, 노드마다 포인터를 따라가 캐시 미스가 잦다는 것이 대가다. C++의 unordered_map과 Java의 HashMap이 이 방식이며, Java는 한 버킷의 체인이 길어지면 트리로 바꿔 최악을 O(log n)으로 묶는다. 대비되는 방식이 개방 주소법이다. (ii-6)"
"리해싱","적재율이 상한을 넘었을 때 용량을 대개 두 배로 늘리고 모든 키를 다시 넣는 연산이다. 버킷 번호가 해시 % 용량이라 용량이 바뀌면 주소가 전부 바뀌므로 옮기지 않고 이어 붙일 방법이 없다. 한 번의 비용은 O(n)이고 용량이 배수로 늘어 간격이 지수적으로 벌어지므로 삽입 전체로는 분할상환 O(1)이다. 평균은 좋지만 그 한 번이 지연 시간의 꼬리에 그대로 나타나므로 실시간 경로에서는 미리 크기를 잡거나 고정 크기 테이블을 쓴다. (ii-6)"
"묘비","개방 주소법 해시 테이블에서 삭제된 칸에 남기는 표식이다. 지운 칸을 그냥 빈 칸으로 만들면 탐사가 거기서 멈춰 그 칸을 지나 뒤에 앉은 키를 영영 찾지 못한다. 조회는 묘비를 지나가고 삽입은 묘비를 덮어쓴다. 묘비는 적재율에는 잡히지 않으면서 탐사 비용에는 그대로 잡히므로, 삭제가 잦으면 원소가 늘지 않아도 테이블이 느려진다. (ii-6)"
"비교 정렬의 하한","원소 n개의 가능한 배치가 n!가지이고 비교 하나가 참·거짓 1비트만 주므로, 비교 기반 정렬은 최악에 log_2(n!) \approx n log_2 n - 1.44n번 이상 비교해야 한다는 명제다. 특정 알고리즘의 한계가 아니라 ""비교만으로 정보를 얻는다""는 규칙 자체의 한계다. 하한은 모든 배치가 가능한 입력에 대한 것이므로 이미 정렬된 입력에는 걸리지 않고, 계수·기수 정렬처럼 비교를 하지 않는 알고리즘에도 걸리지 않는다. (ii-7)"
"계수 정렬","값 자체를 배열 인덱스로 써서 원소를 비교하지 않고 정렬하는 알고리즘이다. 값마다 개수를 세고, 누적합으로 각 값이 끝나는 위치를 구한 뒤, 입력을 뒤에서부터 훑으며 그 자리에 직접 놓는다. 시간과 공간이 O(n + K)이고 K는 값의 범위다. 안정성은 마지막 단계의 순회 방향 하나에서 나온다 — 앞에서부터 훑으면 같은 키의 순서가 뒤집힌다. 값이 정수이고 범위가 좁을 때만 성립한다. (ii-7)"
"기수 정렬","값을 자릿수로 쪼개 낮은 자리부터 계수 정렬을 반복하는 정렬이다. 시간은 O(d(n+B))이고 d는 자릿수, B는 진법이다. 계수 정렬이 값의 범위 K에 비례하는 배열을 요구해 32비트 정수 전체에는 쓸 수 없는 반면, 8비트씩 끊으면 같은 데이터를 네 번의 훑기로 끝낸다. 각 자리의 계수 정렬이 반드시 안정해야 하며, 낮은 자리에서 정한 순서를 높은 자리가 보존해야 전체가 맞는다. (ii-7)"
"다중 키 정렬","기준이 둘 이상인 정렬이다. 방법이 둘인데 성질이 다르다. 기준을 하나의 비교자로 합치면 정렬의 안정성과 무관하게 항상 맞고, 약한 기준부터 여러 번 나눠 정렬하면 나중 정렬이 안정일 때만 맞는다. C++의 std::sort로 두 번 정렬하는 코드는 원소가 16개 이하일 때 introsort가 삽입 정렬로만 끝내 우연히 통과하고 17개부터 틀린다. 예제 크기가 결함을 가리는 전형적인 경로다. (ii-7)"
"동적 배열","용량이 차면 더 큰 배열을 새로 잡고 원소를 전부 옮겨 크기를 늘리는 배열이다. 연속 메모리라는 성질을 유지한 채 크기 제약만 없앤 것이며, 늘리는 양이 현재 크기에 비례할 때에만 원소당 비용이 상수로 유지된다. 상수만큼 늘리면 총 복사량이 O(n^2)이 된다. Python의 list와 C++의 vector가 모두 이 구조다. (ii-1)"
"회계 논증","분할상환 분석의 한 방법으로, 연산마다 실제 비용보다 큰 값을 청구하고 남는 몫을 저금해 두었다가 비싼 연산이 올 때 꺼내 쓴다. 저금 잔고가 한 번도 음수가 되지 않으면 청구액의 총합이 실제 비용의 총합보다 크다는 것이 증명된다. 2배 증폭 동적 배열에서는 push 한 번에 코인 3개를 청구하면 충분하고, 상수 증폭에서는 어떤 상수를 청구해도 언젠가 파산한다. (ii-1)"
"행 우선 순서","2차원 배열을 1차원 연속 메모리에 담을 때 한 행을 통째로 이어 붙이는 배치다. 원소 위치는 r * cols + c로 계산된다. 같은 배열을 열 우선으로 훑으면 매 접근이 한 행만큼 건너뛰어 캐시 라인이 재사용되지 않고, 복잡도가 같은데도 실측으로 십수 배가 갈린다. C·C++·Python이 이 배치를 쓰고 Fortran과 MATLAB은 열 우선이다. (ii-1)"
"코드포인트","유니코드가 문자 하나에 부여한 번호다. '온'은 U+C628이다. 바이트와 코드포인트와 사람이 세는 글자는 서로 다른 층이며, ASCII 범위에서만 셋이 일치한다. Python의 str은 코드포인트의 배열이라 len이 글자 수를 주고, C++의 std::string은 바이트의 배열이라 size가 바이트 수를 준다. (ii-2)"
"UTF-8","코드포인트를 1~4바이트로 옮기는 가변 길이 인코딩이다. ASCII는 1바이트로 그대로 남고 한글과 한자는 3바이트, 이모지는 4바이트다. 선두 바이트의 상위 비트가 전체 길이를 알려 주고 두 번째 이후 바이트는 전부 10xxxxxx 패턴이라, 바이트 하나만 보고 글자 경계인지 판정할 수 있다. 이 자기 동기화 성질이 안전한 자르기와 손상 복구의 근거다. (ii-2)"
"string_view","문자열을 복사하지 않고 (포인터, 길이) 쌍으로 가리키기만 하는 C++17 타입이다. substr이 새 string을 만들어 복사하는 데 비해 string_view::substr은 포인터와 길이만 조정하므로, 큰 입력을 필드로 쪼개는 파싱에서 실측 4배 차이가 난다. 원본이 살아 있는 동안에만 유효하고, 원본이 죽으면 매달린 참조가 되어 정의되지 않은 동작이 된다. (ii-2)"
"연결 리스트","각 노드가 다음(이중이면 이전) 노드의 주소를 함께 들고 순서를 표현하는 자료구조다. 순서를 위치가 아니라 주소로 적으므로 노드를 이미 손에 들고 있으면 삽입·삭제가 링크 몇 개 수정으로 끝난다. 그 조건이 성립하지 않으면 탐색에 O(n)이 들고, 포인터 추적 때문에 같은 복잡도의 배열보다 상수가 수십에서 수백 배 나쁘다. (ii-3)"
"intrusive list","연결 리스트의 링크 필드를 별도 노드가 아니라 데이터 구조체 안에 직접 박아 넣은 형태다. 원소가 자기 자신을 리스트에서 O(1)에 뺄 수 있고 삭제에 메모리 할당이 전혀 필요 없다. 커널의 실행 대기 큐, 메모리 할당자의 free list, 타이머 버킷처럼 할당이 금지되거나 지연이 보장되어야 하는 문맥에서 표준적으로 쓰인다. (ii-3)"
"센티넬 노드","값을 담지 않고 경계 처리를 없애기 위해서만 존재하는 더미 노드다. 연결 리스트를 센티넬 하나로 원형으로 닫아 두면 비어 있는 경우와 맨 앞·맨 뒤에 손대는 경우가 모두 일반 경우와 같은 코드로 처리되어, 경우 분기가 넷에서 하나로 줄어든다. 빠뜨린 분기 하나에서 나는 버그를 구조적으로 없애는 기법이다. (ii-3)"
"스택","마지막에 넣은 것이 먼저 나오는(LIFO) 자료구조다. 맨 위에 넣기·꺼내기·보기 세 연산뿐이고 중간에 손대지 않으므로 동적 배열로 구현하면 각 연산이 분할상환 O(1)이다. 괄호 짝 맞추기, 수식 평가, 실행 취소, DFS가 모두 이 구조 위에서 돌고, 프로그램의 함수 호출 자체가 콜 스택이라는 스택으로 구현된다. (ii-4)"
"콜 스택","함수 호출마다 돌아갈 주소·인자·지역 변수를 담은 스택 프레임이 쌓이는 메모리 영역이다. 재귀는 언어의 특별한 기능이 아니라 같은 코드의 프레임이 여러 겹 쌓이는 것이며, 그래서 깊이에 한계가 있고(Python은 기본 1,000에서 RecursionError, C++은 스택 오버플로) 언제나 명시적 스택을 쓴 반복으로 바꿀 수 있다. C++의 예외 처리는 이 프레임을 역순으로 되감으며 지역 객체의 소멸자를 부른다. (ii-4)"
"단조 스택","담긴 값이 항상 증가 또는 감소 순으로 유지되는 스택이다. ""아직 답을 못 찾은 원소들""을 쌓아 두었다가 새 원소가 그들의 답이 되는 순간 한꺼번에 꺼낸다. 오른쪽에서 처음으로 자기보다 큰 수 같은 질의를 O(n)에 푼다. 안쪽 while이 있어 이중 루프로 보이지만 각 원소가 평생 한 번 push되고 한 번 pop되므로 총 연산이 2n 이하다. (ii-4)"
"플러드필","격자에서 한 칸을 골라 그 칸과 이어진 같은 성질의 칸 전체를 채우는 탐색이다. BFS로 짜든 DFS로 짜든 채워지는 집합은 완전히 같고 순서만 다르다 — 최단 거리를 묻지 않기 때문이다. 간선을 자료구조로 만들지 않고 이웃을 델타 배열로 그때그때 계산하는 암묵 그래프 탐색의 대표 사례다. 그림판의 페인트통, 지뢰찾기의 빈칸 열기가 전부 이것이다. (iv-5)"
"연결 요소 라벨링","격자나 그래프의 각 원소에 ""몇 번 덩어리 소속인가""를 적어 주는 처리다. 플러드필에 카운터 하나와 바깥 루프를 붙인 것이 전부이며, 각 칸이 평생 한 번만 라벨을 받으므로 전체가 O(HW)다. 비전의 blob 검출이 이 처리 자체이고, 대용량 이미지에서는 캐시 지역성 때문에 큐 기반 플러드필 대신 행 순서로 훑고 유니온 파인드로 라벨을 병합하는 두 번 훑기를 쓴다. (iv-5)"
"암묵 그래프","정점과 간선을 메모리에 만들어 두지 않고 이웃을 함수로 계산하는 그래프 표현이다. 격자에서 델타 배열로 상하좌우 칸을 만들어 내는 것이 대표적이고, 상태공간처럼 정점 수가 너무 많아 미리 다 만들 수 없는 경우에는 유일한 선택지다. 탐색이 실제로 닿는 부분만 만들어진다는 것이 본질적인 이득이다. (iv-1)"
"4-이웃과 8-이웃","격자에서 이웃을 상하좌우 넷으로 볼 것인가 대각선을 포함해 여덟으로 볼 것인가의 규약이다. 취향이 아니라 답을 바꾼다 — 사선 X 모양 이미지는 4-이웃이면 덩어리가 9개, 8-이웃이면 1개다. 비전에서 전경과 배경 중 한쪽은 반드시 4-이웃이어야 위상이 모순되지 않으며, 관례는 전경 8-이웃 / 배경 4-이웃이다. (iv-5)"
"위상 정렬","방향 그래프에서 모든 간선 u→v에 대해 u가 v보다 앞에 오도록 정점을 일렬로 나열하는 것이다. 이런 나열은 그래프가 DAG일 때, 그리고 그때만 존재하므로 위상 정렬은 사이클 검출기이기도 하다. 진입차수 0인 정점을 큐로 관리하는 Kahn의 알고리즘과 DFS 후위 순서를 뒤집는 방법 두 가지가 있고 둘 다 O(V+E)다. 답은 대개 유일하지 않다. (iv-6)"
"DAG","사이클이 없는 방향 그래프다. 위상 순서가 존재하는 것과 DAG인 것은 같은 말이며, DAG에는 진입차수가 0인 정점이 반드시 하나 이상 있다. 빌드 의존 그래프, 스프레드시트의 셀 참조, 패키지 의존 관계, 작업 선후 관계가 전부 DAG여야 정상이고 사이클이 생기면 그 자체가 장애다. DAG 위에서는 최단·최장 경로가 힙 없이 위상 순서만으로 O(V+E)에 풀린다. (iv-6)"
"진입차수","방향 그래프에서 어떤 정점으로 들어오는 간선의 개수다. 위상 정렬에서 진입차수 0은 ""선행이 전부 끝나 지금 시작할 수 있는 작업""을 뜻하고, 정점을 하나 처리할 때마다 그 정점에서 나가는 간선이 가리키는 곳들의 진입차수가 1씩 줄어든다. 정확히 0이 되는 순간에만 큐에 넣는 것이 Kahn의 알고리즘이며, 큐 안의 정점들은 서로 독립이라 동시에 실행해도 안전하다. (iv-6)"
"이분 그래프","정점을 두 그룹으로 나눠 모든 간선이 서로 다른 그룹을 잇도록 만들 수 있는 그래프다. 시작점의 색을 정하면 나머지 색이 전부 강제되므로 BFS 한 번으로 O(V+E)에 판정된다. 이분이라는 것과 홀수 길이 사이클이 없다는 것은 같은 말이다. 색이 셋 이상인 일반 색칠 문제는 NP-완전이라, 선형 시간에 풀리는 것은 2색뿐이다. (iv-7)"
"홀수 사이클","간선 개수가 홀수인 사이클이다. 그래프가 이분이 아닌 유일한 원인이며, 2-색칠이 실패한 자리에서 발견한 간선 (u,v)와 BFS 거리로부터 길이 dist[u]+dist[v]+1인 홀수 닫힌 보행이 곧바로 나온다. 홀수 길이의 닫힌 보행이 있으면 그 안에 홀수 사이클이 반드시 들어 있으므로, 이 값이 ""왜 두 그룹으로 못 나누는가""에 대한 실행 가능한 답이 된다. (iv-7)"
"서브트리 크기","어떤 정점을 뿌리로 하는 서브트리에 속한 정점의 개수다. 자기 자신을 1로 놓고 자식들의 값을 후위 순서로 더해 올리면 DFS 한 번에 전부 구해진다 — 누적을 재귀 호출 뒤에 두는 것이 곧 후위다. 루트를 어디에 두느냐에 따라 달라지는 값이며, 간선 (u,v)를 자르면 두 조각의 크기가 size[v]와 n-size[v]라는 관계가 리루팅 기법의 출발점이다. (iv-8)"
"후위 누적","트리에서 자식의 계산이 전부 끝난 뒤 그 값을 부모로 올리는 계산 방식이다. 값의 의존이 잎에서 뿌리로 흐를 때 유일하게 옳은 순서이고, 코드에서는 누적 문장을 재귀 호출 뒤에 놓는 것으로 표현된다. 앞에 놓으면 잎에서 두 칸 떨어진 정점부터 틀린 값이 나오는데, 잎과 그 부모까지는 우연히 맞아서 작은 예제로는 잡히지 않는다. du의 디렉터리 용량 집계와 UI 레이아웃의 크기 계산이 이 순서를 쓴다. (iv-8)"
"인접 행렬","그래프를 V × V 크기의 표로 들고 mat[u][v]에 간선의 유무나 가중치를 적는 표현이다. 두 정점이 붙어 있는지를 O(1)에 답하는 대신 간선이 하나도 없어도 V^2칸을 잡고, 한 정점의 이웃을 훑으려면 실제 이웃이 둘이어도 V칸을 다 읽어야 한다. 정점이 수백 이하이거나 간선이 조밀하거나 입력이 애초에 행렬로 주어질 때 쓴다. (iv-1)"
"상태공간 그래프","문제의 한 순간을 완전히 적은 것을 정점으로, 한 번의 조작을 간선으로 두어 만든 그래프다. 물통에 담긴 물의 양 조합, 퍼즐의 한 배치, 기계의 한 모드가 전부 정점이 된다. 정점을 정하는 질문은 하나다 — 한 순간의 상태를 완전히 적으려면 무엇이 필요한가. 요소를 빠뜨리면 먼저 도착한 경로가 나중 경로를 막아 오답이 난다. (iv-1)"
"차수","한 정점에 붙은 간선의 개수다. 무방향 그래프에서 모든 정점의 차수를 더하면 항상 간선 수의 두 배가 되는데, 간선 하나가 양 끝 정점의 차수를 각각 1씩 올리기 때문이다. 탐색의 복잡도가 O(V+E)인 근거가 이 등식이다 — 이웃 훑기 비용을 전 정점에 대해 더한 것이 차수의 합이다. (iv-1)"
"깊이 우선 탐색","안 간 이웃이 있으면 그리로 내려가고 없으면 왔던 곳으로 되돌아오는 탐색이다. 되돌아오기를 스택이 맡으며, 재귀로 쓰면 호출 스택을 그대로 빌려 쓰는 셈이다. 연결 요소·사이클·위상 순서를 구하는 데 쓰고 최단 거리에는 쓰지 않는다. 최악 깊이가 정점 수와 같아 재귀 구현은 깊은 그래프에서 스택이 먼저 터진다. (iv-2)"
"연결 요소","서로 도달할 수 있는 정점들의 최대 집합이다. 전 정점을 훑으며 아직 방문하지 않은 정점을 만날 때마다 탐색을 시작하면 그 횟수가 곧 연결 요소의 개수이고, 한 번의 탐색이 칠한 정점 수가 그 요소의 크기다. 이미지의 blob 검출과 지도 병합이 같은 연산이다. (iv-2)"
"뒤 간선","DFS 도중 지금 재귀 스택 위에 아직 남아 있는 정점으로 향하는 간선이다. 방향 그래프에서 사이클이 있다는 것과 뒤 간선이 존재한다는 것은 같은 말이다. 이미 탐색을 마치고 빠져나온 정점으로 가는 간선은 뒤 간선이 아니며 사이클도 아니다 — 이 둘을 구분하지 않으면 사이클 없는 방향 그래프를 사이클 있다고 오판한다. (iv-2)"
"너비 우선 탐색","큐 하나로 시작점에서 한 겹씩 번져 나가는 탐색이다. 큐에 든 정점들의 거리가 비내림차순이고 값의 종류가 최대 둘이라는 불변식이 성립하므로, 정점을 처음 찍는 순간의 값이 곧 최단 거리가 된다. 이 논증은 모든 간선의 비용이 같다는 데 전적으로 의존하며, 비용이 갈리는 순간 다익스트라가 필요해진다. (iv-3)"
"거리 배열","각 정점까지의 최단 거리를 담는 배열이며, BFS에서는 방문 표시를 겸한다. -1이나 무한대를 미방문으로 두면 visited 배열을 따로 들 필요가 없고, 거리를 찍는 것과 큐에 넣는 것이 코드에서 반드시 붙어 다니게 된다. 큐에서 뺄 때가 아니라 넣을 때 찍어야 하는 규칙을 지키는 가장 값싼 방법이다. (iv-3)"
"부모 배열","각 정점의 거리를 찍어 준 직전 정점을 기록하는 배열이다. 목표에서 부모를 거슬러 올라가 시작점에 닿으면 최단경로를 거꾸로 읽은 것이 되고, 뒤집으면 경로가 된다. 정점당 하나만 있으면 충분하다 — 최단경로가 여럿이어도 하나만 복원하면 되고, 처음 찍힌 값이 곧 최단이므로 그때의 부모가 최단경로 위의 부모다. (iv-3)"
"0-1 BFS","간선 비용이 0과 1 두 종류뿐인 그래프에서 힙 대신 덱을 써서 최단 거리를 구하는 탐색이다. 비용 0으로 간 정점은 덱 앞에, 1로 간 정점은 뒤에 넣으면 덱이 거리 순 정렬을 유지하므로 BFS의 불변식이 그대로 복구된다. 판정 기준이 방문 여부가 아니라 거리 개선이라는 점이 평범한 BFS와 다르고, O(E log V)가 O(V+E)가 된다. (iv-4)"
"다중 시작점 BFS","큐를 모든 소스로 초기화하고 전부 거리 0으로 찍은 뒤 평범한 BFS를 한 번 돌리는 것이다. 결과는 각 정점에서 가장 가까운 소스까지의 거리이며, 모든 소스로 비용 0 간선을 뻗은 가상의 슈퍼 소스 하나를 상상하면 단일 시작점 BFS와 정확히 같은 것이 된다. 소스가 S개일 때 O(S(V+E))가 O(V+E)가 된다. (iv-4)"
"거리 변환","격자의 각 칸에 지정된 소스 집합까지의 최단 거리를 채워 넣는 연산이며, 다중 시작점 BFS의 결과물 그 자체다. 로봇 코스트맵의 인플레이션은 장애물 칸 전부를 소스로 둔 거리 변환이고, 영상 처리에서는 골격 추출과 분수령 분할의 씨앗이 된다. 각 칸에 이긴 소스의 번호를 함께 전파하면 이산 보로노이 분할이 된다. (iv-4)"
"델타 배열","격자에서 이웃 칸으로 가는 좌표 변화량을 방향마다 모아 둔 나란한 배열 두 개다. 앞칸이 언제나 (r + dr[d], c + dc[d]) 한 줄이 되므로 방향마다 if를 두는 코드의 분기가 통째로 사라지고, 부호 오류가 배열의 한 자리로 모인다. 방향이 넷이든 여덟이든 이 줄은 그대로이고 배열 길이만 바뀐다. 그리고 방향에 번호가 생긴다는 부수 효과가 본체다 — 시계 방향 순서로 늘어놓으면 우회전이 (d+1)%4, 좌회전이 (d+3)%4, 반대 방향이 d^2가 된다. (iii-5)"
"격자 회전","2차원 배열을 90도 배수만큼 돌리는 첨자 사상이다. 시계 90도는 new[c][n-1-r] = old[r][c]이고 결과의 크기는 n × m에서 m × n으로 바뀐다. 외울 것이 아니라 모서리 한 칸의 행선지로 유도한다 — 원본의 첫 행이 결과의 마지막 열이 된다는 관찰 하나면 나머지가 따라 나온다. 같은 회전을 전치 후 각 행 좌우 반전의 두 단계로도 얻으며, 픽셀을 재계산하지 않고 자리만 옮기므로 이미지의 90도 회전은 무손실이다. (iii-5)"
"상태 스냅샷","되돌릴 수 있어야 하는 시뮬레이션에서 상태를 통째로 복제해 두는 것이다. 비용이 상태 크기에 비례하므로, 한 스텝이 몇 칸만 바꾸는 경우에는 바꾼 것을 기억했다가 되돌리는 쪽이 자릿수만큼 싸다. 50×50 격자 실측으로 deepcopy 대비 되돌리기가 약 12,900배(CPython 3.13)다. 복사를 택했다면 깊이를 확인해야 한다 — 행만 얕게 복사하면 원소가 가변일 때 안쪽이 원본과 공유된다. (iii-5)"
"이중 버퍼","한 스텝을 계산하는 동안 읽는 배열과 쓰는 배열을 분리하고, 끝에서 둘을 교환하는 기법이다. 모든 판정이 스텝 시작 시점의 상태만 보게 되어 훑는 순서가 결과에 영향을 주지 않는다. 추가 공간은 상태 한 벌이고 교환은 참조 두 개를 맞바꾸는 상수 시간이다. 지문이 ""동시에""라고 적은 갱신의 표준 구현이며, 화면 출력의 더블 버퍼링과 수치 해석의 야코비 반복이 같은 발상이다. (iii-6)"
"동시 갱신","한 스텝의 모든 갱신이 그 스텝 시작 시점의 상태만 보고 판정된다는 계산 규약이다. 지문의 ""동시에""가 뜻하는 것이 이것이고, 반대는 앞의 갱신 결과를 뒤의 갱신이 보는 순차 갱신이다. 배열을 제자리에서 고치며 훑으면 자연스럽게 순차 갱신이 되므로, 규약을 지키려면 이중 버퍼가 필요하다. 규약을 지켰다는 증거는 훑는 순서를 뒤집어도 답이 같은 것이다. Verilog의 <=와 =, 수치 해석의 야코비와 가우스-자이델이 이 구분을 문법과 이름으로 갖고 있다. (iii-6)"
"어서션","그 지점에서 참이어야 하는 명제를 코드로 적어 두고, 거짓이면 즉시 실행을 멈추게 하는 검사다. 목적은 오류를 막는 것이 아니라 틀린 시점과 발견 시점의 거리를 0으로 만드는 것이다. 시뮬레이션에서는 턴 경계마다 보존량(개수·합계)과 경계(좌표 범위·최대 이동량)를 건다. Python의 assert는 -O에서, C++의 assert는 NDEBUG에서 사라지므로 릴리스에서 검사가 필요하면 지표와 경보가 그 자리를 맡는다. 비용이 걱정이면 지우지 말고 빈도를 낮춘다. (iii-6)"
"힙 성질","모든 노드가 자식보다 작거나 같다(최소 힙), 또는 크거나 같다(최대 힙)는 조건. 형제 사이에는 아무 순서도 요구하지 않는다. 이 느슨함이 삽입·삭제를 O(log n)에 끝내는 값이고, 동시에 힙으로 정렬된 순회를 얻을 수 없는 이유다. (ii-8)"
"sift-up","배열 끝에 넣은 원소를 부모와 비교해 가며 위로 올려 힙 성질을 복구하는 연산. 부모 인덱스는 (i-1)/2 이므로 최대 log n 번 올라간다. 삽입의 뒷부분이 이것이다. (ii-8)"
"sift-down","루트에 놓인 원소를 두 자식 중 작은(최소 힙 기준) 쪽과 바꿔 가며 아래로 내려 힙 성질을 복구하는 연산. 자식 인덱스는 2i+1, 2i+2 다. 삭제의 뒷부분이고, 상향식 heapify 의 구성 요소이기도 하다. (ii-8)"
"상향식 heapify","임의의 배열을 힙으로 만드는 O(n) 절차. n/2-1 부터 0 까지 내려오며 각 노드에 sift-down 을 건다. 원소를 하나씩 push 하면 O(n log n) 인데 이쪽이 O(n) 인 이유는 노드 대부분이 바닥 근처에 있어 내려갈 거리가 거의 없기 때문이다. (ii-8)"
"이진 탐색 트리","모든 노드에 대해 왼쪽 서브트리의 값이 자신보다 작고 오른쪽이 크다는 조건을 지키는 이진 트리. 해시가 줄 수 없는 것을 준다 — 순서. 전임자·후임자·구간 질의·""x 이상 가장 작은 키""가 여기서 나온다. (ii-9)"
"트리 회전","부모와 자식의 관계를 뒤집어 서브트리의 높이를 조정하는 국소 연산. 중위 순회 순서를 보존하기 때문에 탐색 트리의 성질을 깨지 않으면서 균형만 고칠 수 있다. 레드-블랙 트리와 AVL 트리가 균형을 유지하는 수단이다. (ii-9)"
"레드-블랙 트리","각 노드에 색을 붙이고 다섯 가지 불변식으로 최악 높이를 2·log(n+1) 이하로 묶는 균형 이진 탐색 트리. std::map 과 std::set 의 내부다. 정렬된 입력이 들어와도 연결 리스트로 무너지지 않는 것이 이 구조의 값이다. (ii-9)"
"중위 순회","왼쪽 서브트리 → 자신 → 오른쪽 서브트리 순으로 도는 순회. 이진 탐색 트리에서 돌리면 정렬된 순서가 나온다. 이것이 BST 가 순서를 유지한다는 주장의 증명이다. (ii-10)"
"후위 순회","두 자식을 모두 돈 뒤에 자신을 처리하는 순회. ""자식의 결과가 있어야 내 결과가 나오는"" 모든 계산이 이 순서를 요구한다. 서브트리 크기, 디렉터리 용량, 트리 해제, 트리 DP 가 전부 후위다. (ii-10)"
"레벨 순회","깊이가 얕은 노드부터 차례로 도는 순회. 재귀의 스택을 큐로 바꾸면 그대로 얻어진다. 트리 위의 BFS 와 같은 것이며, 그래서 그래프의 BFS 로 이어진다. (ii-10)"
"기저 조건","재귀 함수가 더 이상 자신을 부르지 않고 답을 직접 돌려주는 가장 작은 경우. 재귀가 ""이미 동작한다""고 가정할 수 있게 만드는 근거이자, 모든 호출 경로가 결국 도달해야 하는 종점이다. 빠지면 무한 재귀가 된다. (iii-1)"
"신뢰의 도약","재귀 호출이 이미 올바르게 동작한다고 믿고 한 단계만 짜는 사고법. 호출 안으로 따라 들어가 추적하지 않는다. 기저 조건이 참이고 한 단계가 문제를 진짜로 줄이면 그 믿음은 귀납으로 정당화된다. (iii-1)"
"재귀 깊이 한도","재귀 호출이 쌓을 수 있는 스택 프레임의 상한. CPython 은 기본 1000 이고 넘으면 RecursionError 를 던진다. C++ 은 별도 한도 없이 스택이 고갈될 때까지 가므로 오히려 조용히 죽는다. 깊이는 시간이 아니라 메모리 비용이다. (iii-1)"
"부분집합","원소마다 넣거나 빼는 두 갈래 선택을 독립으로 하면 나오는 집합. n 개 원소의 부분집합은 2^n 개이고, 이 지수가 곧 제약조건 n ≤ 20 근처라는 신호가 된다. (iii-2)"
"사전순 생성","순열·조합을 사전 순서로 하나씩 만들어 내는 방식. next_permutation 이 이 규칙을 따르고, 뒤에서부터 증가 지점을 찾아 뒤집는 절차로 다음 것을 O(n) 에 얻는다. 전부 만들어 정렬하지 않아도 되는 이유다. (iii-2)"
"비트마스크","집합 하나를 정수 하나로 접는 표현. i 번째 비트가 1 이면 원소 i 가 들어 있다는 뜻이다. 합집합·교집합·차집합이 OR·AND·AND NOT 한 번으로 끝나고, 집합 자체를 배열 인덱스로 쓸 수 있어 비트마스크 DP 의 상태가 된다. (iii-3)"
"최하위 비트","켜져 있는 비트 중 가장 낮은 자리. x & -x 로 뽑아낸다. 2의 보수 표현에서 -x 는 x 를 뒤집고 1 을 더한 값이라 그 자리만 살아남기 때문이다. 켜진 비트를 하나씩 훑는 순회와 펜윅 트리의 인덱스 이동이 이것을 쓴다. (iii-3)"
"부분집합 열거","마스크 m 의 모든 부분집합을 도는 관용구 for (s = m; s; s = (s-1) & m). s-1 이 s 의 최하위 켜진 비트를 끄고 그 아래를 전부 켜며, & m 이 m 밖의 비트를 걷어낸다. 전체 비용은 3^n 이다. (iii-3)"
"벨만 방정식","최단 거리를 자기 자신으로 정의하는 식 d(v) = min over u ( d(u) + w(u,v) ), d(s) = 0. 정의가 아니라 미지수 V개짜리 연립 방정식이자 점화식이다. 그러므로 최단경로 문제는 DP의 한 사례이며, 다익스트라·벨만-포드·플로이드-워셜은 이 하나의 식을 어떤 순서로 푸느냐의 차이다. 강화학습의 가치 반복이 쓰는 식도 같은 구조의 확률 버전이다. (v-4)"
"완화","if dist[u] + w < dist[v]: dist[v] = dist[u] + w 한 줄. 벨만 방정식의 min을 한 후보에 대해 한 번 적용하는 연산이다. 다익스트라·벨만-포드·플로이드-워셜이 공유하는 유일한 계산이고, 세 알고리즘의 차이는 이 줄을 언제 몇 번 어떤 순서로 실행하느냐뿐이다. (v-4)"
"최적 부분구조","큰 문제의 최적해가 부분 문제의 최적해로 이루어지는 성질. 최단경로에서는 '최단경로의 앞부분도 그 자체로 최단'이며, 잘라 붙이기(cut-and-paste) 논증으로 증명된다 — 앞부분보다 짧은 경로가 있다면 갈아 끼워 더 짧은 전체 경로를 만들 수 있어 모순이다. 이 성질이 깨지는 문제(최장 단순 경로)는 같은 점화식으로 풀리지 않으며 실제로 NP-난해다. (v-4)"
"계산 순서","점화식이 읽는 값이 읽히기 전에 확정되도록 상태를 채우는 순서. 배열 DP에서는 인덱스 순서가 공짜로 이 역할을 하지만 그래프에는 그런 좌표가 없어, 최단경로 알고리즘은 사실상 계산 순서를 만들어 내는 방법이다. 벨만-포드는 간선 수 축을, 플로이드-워셜은 경유 가능 정점 축을 상태에 넣어 순서를 강제하고, 다익스트라는 실행 중에 순서를 생성하며, DAG에서는 위상 순서가 곧 계산 순서다. (v-4)"
"음수 사이클","간선 비용의 합이 음수인 사이클. 시작점에서 닿고 목표로도 닿는 음수 사이클이 있으면 한 바퀴 돌 때마다 비용이 줄어 최솟값 자체가 존재하지 않는다. 알고리즘이 실패하는 사건이 아니라 벨만 방정식이 해를 잃는 사건이다. 벨만-포드가 V번째 라운드의 갱신 여부로 검출하는 것이 할 수 있는 전부이며, 단순 경로로 제한해 우회하려 하면 최적 부분구조가 깨져 NP-난해가 된다. (v-4)"
"일관 휴리스틱","모든 간선 (u,v)에 대해 h(u) ≤ w(u,v) + h(v) 이고 목표에서 h = 0인 휴리스틱. 삼각부등식이며 monotone이라고도 한다. 일관하면 간선을 따라 f = g + h가 줄지 않으므로 정점을 꺼내는 순간 g가 이미 최적이고, 닫힌 정점을 다시 열 필요가 없다. 일관하면 허용적이지만 그 역은 성립하지 않는다 — 허용적이지만 일관되지 않은 휴리스틱은 답은 맞히면서 닫힌 노드를 재확장한다. 간선 비용을 w + h(v) - h(u)로 재조정했을 때 그것이 음수가 아니라는 조건과 같으며, 그래서 일관된 A\*는 재조정된 비용 위의 다익스트라다. (v-5)"
"f = g + h","A\가 열린 목록의 우선순위로 쓰는 값. g는 시작점에서 그 정점까지 확정된 비용, h는 그 정점에서 목표까지의 추정 비용이고, f는 그 정점을 지나는 경로의 총비용 추정치다. h = 0이면 f = g가 되어 A\는 다익스트라와 완전히 같아진다. A\*의 이득은 h의 정확도가 아니라 f 값이 정점마다 갈리는 정도에서 나온다 — 모든 정점의 f가 같으면 확장 수가 다익스트라와 똑같아진다. (v-5)"
"재열기","이미 닫힌(확장이 끝난) 정점에 더 짧은 경로가 나중에 발견되어 닫힌 목록에서 빼고 열린 목록에 다시 넣는 일. 휴리스틱이 일관하면 원리상 일어나지 않고, 허용적이기만 하고 일관되지 않으면 일어난다. 답은 여전히 최적이지만 같은 정점을 여러 번 확장하게 되어 최악에는 확장 수가 지수적으로 늘 수 있다. (v-5)"
"Weighted A*","A*의 우선순위를 f = g + \varepsilon h로 두고 \varepsilon > 1을 쓰는 변형이다. 휴리스틱을 부풀려 탐색을 목표 쪽으로 더 세게 쏠리게 하고, 그 대가로 최적성을 포기한다. h가 허용적이면 결과 경로의 비용이 최적의 \varepsilon배를 넘지 않음이 증명된다 — 손해의 크기가 미리 알려져 있다는 점이 이 교환을 실무에서 받아들이게 만든다. 확장 수와 경로 비용은 \varepsilon에 대해 단조롭지 않고, 단조로운 것은 경계뿐이다. (v-6)"
"준최적 경계","알고리즘이 내는 답이 최적해의 몇 배 이내임을 보장하는 성질이다. ""빠르지만 나쁠 수 있다""와 ""빠르고 얼마나 나쁜지 알고 있다""는 다르며, 실무에서 최적성을 포기할 수 있는 이유는 대개 후자일 때다. Weighted A*의 \varepsilon배 보장이 대표적이고, 시간 예산에 맞춰 이 경계를 점차 조여 가는 방식이 anytime 탐색이다. (v-6)"
"anytime 알고리즘","언제 중단되어도 그 시점까지의 최선 답을 내놓을 수 있고, 시간이 더 주어지면 답이 개선되는 알고리즘이다. 경로계획에서는 큰 \varepsilon으로 답을 빨리 확보한 뒤 남은 시간 동안 \varepsilon을 줄여 가며 다시 푸는 형태로 나타난다. 제어 주기가 고정되어 있고 계획 시간이 들쭉날쭉한 시스템에서, 최적해를 기다리다 답을 못 내는 것보다 낫다는 판단이 이 방식을 정당화한다. (v-6)"
"JPS","균일 비용 격자에서 A가 펼치는 노드 수를 줄이는 기법이다. 격자에서는 이동 순서만 다른 같은 길이의 경로가 \binom{2n}{n}개까지 존재하는데(대칭성), JPS는 각 대칭 집합에서 대표 하나만 열린 목록에 넣는다. 직진 구간은 선택지가 없으므로 훑고 지나가고, 벽 때문에 새 방향이 열리는 지점(점프 포인트)만 큐에 넣는다. 답은 A와 같다. 칸마다 비용이 다르면 전제가 깨져 답이 틀린다. (v-6)"
"점프 포인트","JPS에서 열린 목록에 실제로 넣는 격자 칸이다. 진행 방향으로 직진하는 동안에는 선택지가 없어 중간 칸을 큐에 넣을 이유가 없고, 벽이 끊겨 새 방향이 열리는 자리에서만 선택이 생긴다. 그 자리에서 생기는 이웃을 강제 이웃(forced neighbor), 그 칸을 점프 포인트라 부른다. (v-6)"
"Theta*","격자 방향 제약을 없앤 A 변형이다. 이웃의 부모를 지금 펼치는 칸으로 두는 대신, 그 칸의 부모에서 이웃이 직접 보이면(시야 검사 통과) 부모를 조부모로 건너뛴다. 경로가 격자 방향이 아니라 임의 각도의 직선 구간들로 만들어진다. 대가는 확장마다의 시야 검사이고, 얻는 것은 경로 길이보다 꼭짓점 수의 감소다 — 꼭짓점 하나가 곧 감속·회전 한 번이다. Basic Theta는 연속 공간의 진짜 최단을 보장하지 않는다. (v-6)"
"시야 검사","두 칸의 중심을 잇는 선분이 장애물을 지나지 않는지 확인하는 연산이다. 브레젠험 직선 알고리즘으로 선분 위의 칸을 훑어 벽을 만나면 실패로 본다. 비용이 두 칸 사이 거리에 비례하므로, 상수 시간이던 갱신이 O(L)이 된다. Theta*의 부모 갱신과 경로 후처리(단축)에 쓰인다. (v-6)"
"증분 탐색","그래프가 조금 바뀌었을 때 처음부터 다시 풀지 않고 이전 탐색 결과를 고쳐 쓰는 방식이다. 핵심은 ""어떤 값이 아직 유효한지""를 알아볼 수 있게 만드는 것이며, LPA와 D Lite는 정점마다 g와 \mathrm{rhs} 두 값을 두어 그것을 판정한다. 계산량이 지도 크기가 아니라 변화의 영향 범위로 정해지지만, 변화가 크면 전체 재계산보다 비싸질 수 있다. (v-7)"
"LPA*","A를 증분화한 알고리즘이다. 정점마다 지난 탐색이 확정한 g와 이웃의 현재 g로 다시 계산한 \mathrm{rhs}를 함께 들고, 두 값이 어긋난 정점만 우선순위 큐에 넣는다. 간선 비용이 바뀌면 그 간선에 닿은 정점만 어긋나고, 값이 변하지 않는 지점에서 전파가 멈춘다. 시작점이 고정된 문제를 반복해서 풀 때 쓰며, 시작점이 움직이는 경우로 확장한 것이 D Lite다. (v-7)"
"rhs 값","LPA·D Lite에서 정점마다 두는 두 번째 거리 값으로, 이웃들의 현재 g로 지금 다시 계산한 한 단계 예측값이다. \mathrm{rhs}(u) = min_v (c(u,v) + g(v))이며, g가 과거의 기록이라면 \mathrm{rhs}는 현재의 재계산이다. 두 값을 비교하는 것만으로 그 정점의 저장값이 아직 유효한지 판정할 수 있다는 것이 증분 탐색의 출발점이다. (v-7)"
"국소 일관성","정점 u에서 g(u) = \mathrm{rhs}(u)인 상태다. 모든 정점이 국소 일관이면 g 전체가 정확한 최단거리다. g > \mathrm{rhs}면 overconsistent로 더 싼 길이 생긴 경우이고 값을 내리면 되지만, g < \mathrm{rhs}면 underconsistent로 길이 사라진 경우라 먼저 g를 \infty로 버린 뒤 다시 세워야 한다. 그래서 underconsistent 정점은 큐에 두 번 들어간다. (v-7)"
"D* Lite","LPA를 목표에서 시작 방향으로 거꾸로 돌린 증분 경로계획 알고리즘이다. D는 Dynamic A의 약자다. 거꾸로 풀기 때문에 로봇이 이동해도 탐색 트리가 무효화되지 않고, 시작점 이동으로 생기는 휴리스틱 차이는 키 보정값 k_m에 누적해 큐 전체를 다시 매기지 않는다. 실측에서 반복 재계획의 확장 수를 수백 배까지 줄이지만, 최초 계획 한 번만 놓고 비교하면 A보다 비싸다. (v-7)"
"k_m 보정","D* Lite에서 시작점이 움직일 때 우선순위 키의 기준선을 옮기는 누적값이다. 키의 첫 항이 min(g,\mathrm{rhs}) + h(s_{start}, s) + k_m이고, 로봇이 s_{last}에서 s_{start}로 옮겨 가면 k_m에 h(s_{last}, s_{start})를 더한다. 큐에 든 낡은 키는 그대로 두고 꺼낼 때 새 키와 비교해 낡았으면 다시 넣는다. 이 보정이 없으면 시작점이 한 칸 움직일 때마다 큐 전체를 다시 쌓아야 해 증분의 의미가 사라진다. (v-7)"
"자유공간 가정","지도에서 모르는 칸을 일단 비어 있다고 보고 계획한 뒤, 실제로 막힌 것을 발견하면 그때 고치는 전략이다. 모르는 곳을 다 막힌 것으로 보면 출발조차 못 하고 정확한 지도를 기다리면 영원히 못 움직이므로, 부분 관측 환경의 실질적인 기본값이다. 이 가정 위에서 도는 시스템은 재계획이 예외가 아니라 정상 동작이며, 그래서 증분 탐색의 가치가 생긴다. (v-7)"
"할당 문제","n개의 주체와 n개의 작업, 그리고 각 쌍에 붙은 비용이 주어졌을 때 서로 겹치지 않게 일대일로 짝지어 비용의 합을 최소로 만드는 문제다. 비용이 붙은 이분 그래프의 최소 비용 완전 매칭과 같은 말이며, 로봇 배차에서는 각 칸의 값이 대개 최단경로 거리다. 가장 싼 쌍부터 확정하는 탐욕은 무작위 5×5 비용 행렬에서 70.5%가 최적보다 나쁘다. (v-11)"
"헝가리안 알고리즘","할당 문제를 O(n^3)에 푸는 알고리즘이다. 한 행이나 한 열 전체에서 같은 상수를 빼도 모든 완전 할당의 비용이 똑같이 줄어 최적 할당이 바뀌지 않는다는 성질에 기댄다. 그래서 축소 비용이 0인 칸만으로 완전 매칭이 만들어질 때까지 상수를 빼 나간다. 구현에서는 행렬을 고쳐 쓰는 대신 행·열의 잠재값(쌍대 변수) u, v를 옮긴다. (v-11)"
"경매 알고리즘","할당 문제의 분산 해법이다. 각 작업에 가격을 붙이고, 주체는 자기 행만 보고 비용+가격이 가장 싼 작업에 2등과의 차이만큼 더 얹어 입찰한다. 최소 인상폭 ε이 없으면 종료가 보장되지 않고, ε을 두면 최적에서 최대 nε 벗어난다. 전역 행렬을 한 곳에 모으지 않아도 되는 것이 헝가리안 대비 유일한 이점이자 존재 이유다. (v-11)"
"동적 창","지금의 속도에서 가속 한계와 제어 주기가 허락하는 범위 안에 있는 (직진 속도, 회전 속도) 쌍의 집합이다. 이 사각형 안의 명령만 후보로 두면 물리적으로 낼 수 없는 명령이 애초에 검토 대상에서 빠진다. DWA(Dynamic Window Approach)라는 이름이 여기서 나온다. (v-12)"
"코스트맵 인플레이션","장애물 칸 주위로 거리에 따라 식어 가는 비용의 후광을 씌우는 것이다. 모든 장애물 칸을 시작점으로 하는 다중 시작점 BFS로 거리를 구하고 그 거리를 감쇠 곡선에 통과시킨다. 플래너에 '벽에서 떨어져라'를 따로 구현하지 않아도 경로가 통로 한가운데로 오게 만드는 장치이며, 반경은 로봇 반지름이 아니라 로봇 반지름 + 정지 거리 + 위치추정 오차로 잡아야 한다. (v-12)"
"Timed Elastic Band","전역 경로를 고무줄로 보고 그 위의 점들과 점 사이의 시간 간격까지 변수로 두어, 장애물 반발·경로 길이·시간 최소화·운동학 제약을 오차 항으로 놓고 함께 최적화하는 지역 계획 기법이다. 명령 하나를 고르는 DWA와 달리 궤적 전체와 그 타이밍을 결정하므로 후진과 좁은 회전이 자연스럽게 나오고, 대신 수렴 시간이 입력에 따라 흔들린다. (v-12)"
"구성 공간","로봇의 자세 하나를 점 하나로 나타내는 공간이다. 관절 6개짜리 팔이면 6차원이고, 경로 계획은 이 공간에서 충돌하지 않는 점의 궤적을 찾는 일이 된다. 격자로 자르면 자유도의 지수로 칸이 늘어(6자유도·1도 해상도에서 약 2.2×10^15칸) 열거가 불가능하고, 장애물의 형체도 닫힌 식으로 알 수 없어 '한 점이 충돌인지'만 물을 수 있다. (v-13)"
"확률적 완비성","해가 존재하면 표본 수를 무한히 늘릴 때 그것을 찾을 확률이 1로 수렴한다는 보장이다. 여기에 유한 시간 보장, 최적성, 그리고 '해가 없다'는 판정은 포함되지 않는다. 그래서 샘플링 기반 플래너의 실패는 '못 찾음'이지 '없음'이 아니며, 좁은 통로처럼 자유 공간의 비율이 낮은 구간에서 실질적으로 실패한다. (v-13)"
"RRT","시작 자세에서 트리 하나를 키우는 단일 질의 샘플링 플래너다. 무작위 표본을 뽑고, 트리에서 가장 가까운 노드를 찾고, 그 노드에서 표본 쪽으로 정해진 길이만큼만 뻗어 충돌이 없으면 붙인다. 뻗는 길이를 제한하기 때문에 아직 노드가 없는 넓은 영역 쪽으로 빠르게 자라며, 처음 목표에 닿은 경로를 그대로 내놓으므로 최적이 아니다. 반경 안에서 부모를 다시 고르고 이웃을 다시 배선하는 RRT*는 점근적으로 최적이 되지만 표본을 훨씬 많이 요구한다. (v-13)"
"PRM","자유 표본을 뽑아 이웃끼리 이어 로드맵 그래프를 먼저 만들고, 질의마다 시작·목표를 그 그래프에 붙여 최단경로를 푸는 다중 질의 샘플링 플래너다. 로드맵 구축이 질의와 무관하므로 환경이 고정되고 질의가 많은 상황에서 이기고, 환경이 바뀌면 영향받는 간선을 전부 다시 검사해야 한다. (v-13)"
"확장","탐색에서 열린 목록(큐나 힙)에서 노드를 하나 꺼내 그 이웃을 훑는 한 번의 연산이다. 최단경로 알고리즘의 비용을 재는 실질 단위이며, A의 이득은 '더 짧은 답'이 아니라 '같은 답에 드는 더 적은 확장'으로 나타난다. 같은 격자에서 다익스트라 164회, A 100회, Weighted A*(ε=2.5) 53회가 실측값이다. (v-14)"
"시공간 A*","상태를 칸이 아니라 (칸, 시각) 쌍으로 두고 A*를 돌리는 것이다. 행동에 제자리 대기가 추가되고, 모든 행동의 비용이 1이면 g 값이 곧 시각이라 우선순위가 f = t + h가 된다. 다른 에이전트의 미래 위치를 피할 수 있게 되는 대신 상태 공간이 계획 지평 T배로 불어난다. 맨해튼 같은 공간 휴리스틱은 시간 축에서도 admissible 하다 — 대기가 거리를 줄이지 않으면서 비용만 더하기 때문이다. (v-8)"
"예약 테이블","먼저 계획을 끝낸 에이전트의 경로를 (칸, 시각)과 (이동, 시각)으로 적어 둔 표다. 뒤에 계획하는 에이전트에게는 시간에 따라 열리고 닫히는 장애물로 작동한다. 정적 지도와 달리 '지금은 막혔지만 곧 열린다'를 표현할 수 있다. 도착한 에이전트가 그 자리에 서 있으므로 마지막 칸은 계획 지평 끝까지 예약해야 하고, 이것을 빠뜨리는 것이 가장 흔한 결함이다. (v-8)"
"정점 충돌","두 에이전트가 같은 칸에 같은 시각에 있는 충돌이다. (칸, 시각) 쌍이 겹치는지만 보면 잡힌다. 다중 에이전트 계획에서 검사해야 할 두 종류 충돌 중 하나이고, 나머지 하나인 맞바꿈 충돌은 이 검사로 잡히지 않는다. (v-8)"
"맞바꿈 충돌","인접한 두 에이전트가 서로의 칸으로 동시에 옮겨 가는 충돌이다. 어느 시각에도 같은 칸에 있은 적이 없으므로 정점 충돌 검사를 통과하지만 물리적으로는 서로를 관통한다. 예약 테이블에 이동을 함께 적어, 어떤 이동이 예약되면 같은 시각의 역방향 이동을 금지하는 방식으로 막는다. (v-8)"
"우선순위 기반 계획","에이전트에 순서를 매겨 한 대씩 계획하고, 계획이 끝난 경로를 예약 테이블에 적어 다음 에이전트가 피하게 하는 방식이다. 단일 에이전트 계획기 하나만 있으면 되고 빠르지만 불완전하다 — 대피 공간이 하나뿐인 복도처럼 '먼저 계획한 쪽이 양보해야만' 풀리는 배치에서는 어떤 순서로도 해를 찾지 못한다. 최적성도 없다. (v-8)"
"계획 지평","시간 축을 넣은 탐색에서 고려하는 시각의 상한 T다. 상태 공간이 칸 수의 T배가 되므로 메모리와 시간이 T에 비례해 늘고, 반대로 너무 짧게 잡으면 필요한 대기를 넣지 못해 해가 있는데도 실패한다. 흔한 기준은 단독 최단 거리에 여유를 더한 값이다. (v-8)"
"다중 에이전트 경로 계획","여러 에이전트가 각자의 시작점에서 목표점까지 서로 충돌하지 않고 이동하는 경로들을 동시에 구하는 문제다. 모든 에이전트를 한 덩어리로 보면 상태 공간이 칸 수의 에이전트 수 제곱이 되어 쓸 수 없고, 실용적인 해법은 간섭이 실제로 일어나는 지점에서만 결합을 만드는 쪽으로 간다. (v-9)"
"CBS","다중 에이전트 경로 계획을 두 레벨로 쪼개 푸는 알고리즘이다. 상위 레벨은 (에이전트, 칸, 시각) 제약의 트리를 비용 합 기준 최적 우선으로 탐색하고, 하위 레벨은 그 제약 아래 한 에이전트의 시공간 A*를 돌린다. 충돌 하나를 두 갈래로 갈라 각 자식에 제약을 하나씩 붙이므로 유효한 해를 버리지 않아 완전하고, 노드 비용이 그 서브트리의 하한이므로 최적이다. 대가는 지수적으로 자랄 수 있는 제약 트리다. (v-9)"
"제약 트리","CBS의 상위 레벨 탐색 트리다. 노드 하나가 에이전트별 제약 집합과 그 제약 아래 뽑은 경로들을 들고 있고, 노드의 비용은 경로 길이의 합이다. 자식은 제약이 늘기만 하므로 비용이 줄지 않고, 그래서 노드 비용이 그 서브트리에 있는 모든 해의 하한이 된다. 이 성질이 최적 우선 탐색과 맞물려 최적성을 만든다. (v-9)"
"결합 상태공간","여러 에이전트의 위치를 한 상태로 묶은 공간이다. 에이전트가 k대이고 칸이 |V|개면 상태가 |V|^k개, 분기 계수도 행동 수의 k제곱이 되어 에이전트 하나를 더할 때마다 곱셈으로 커진다. 정확하지만 규모를 낼 수 없어, CBS 같은 방법은 이것을 충돌이 일어난 지점에서만 국소적으로 되살린다. (v-9)"
"비용 합","다중 에이전트 계획의 품질 척도 중 하나로 모든 에이전트의 경로 길이를 더한 값이다. 마지막 에이전트가 끝나는 시각을 재는 makespan과 다른 해를 고를 수 있고, 어느 쪽을 쓰느냐가 상위 레벨의 정렬 기준을 바꾼다. (v-9)"
"교착","각 참가자가 다른 참가자가 쥔 자원을 기다려 아무도 진행하지 못하는 상태다. 상호 배제·점유와 대기·비선점·순환 대기 네 조건이 동시에 성립할 때만 일어나므로 어느 하나만 깨면 예방된다. 자원 인스턴스가 하나씩인 경우 자원 할당 그래프의 방향 사이클과 정확히 일치하고, 그래서 검출이 DFS 사이클 검출로 끝난다. 경로 계획으로는 풀리지 않는다 — 문제가 어디로 갈 것인가가 아니라 누가 무엇을 쥐고 있는가이기 때문이다. (v-10)"
"자원 할당 그래프","프로세스(로봇)와 자원을 정점으로, '이 자원은 이 프로세스가 쥐고 있다'와 '이 프로세스는 이 자원을 기다린다'를 방향 간선으로 그린 그래프다. 자원 인스턴스가 하나씩이면 방향 사이클이 있다는 것과 교착이라는 것이 같은 말이다. 데이터베이스 엔진의 대기 그래프가 같은 구조이고, 사이클을 찾으면 트랜잭션 하나를 롤백해 고리를 끊는다. (v-10)"
"코프만의 네 조건","교착이 성립하기 위한 네 가지 필요조건이다. 상호 배제(자원을 한 번에 하나만), 점유와 대기(쥔 채로 더 요청), 비선점(뺏을 수 없음), 순환 대기(기다림이 고리를 이룸). 네 조건이 동시에 성립할 때만 교착이 생기므로 모든 예방 전략은 이 중 하나를 깨는 것으로 정리된다. 락을 항상 같은 순서로 잡으라는 규칙은 순환 대기를 깨는 것이다. (v-10)"
"은행가 알고리즘","자원 요청을 들어준 뒤에도 안전 순열이 남아 있으면 승인하고, 없으면 가용 자원이 남아 있어도 거절하는 교착 회피 기법이다. 각 참가자의 최대 요구를 미리 선언받아야 하므로 범용 운영체제에서는 쓰이지 않지만, 로봇 관제에서는 계획된 경로가 곧 최대 요구 선언이라 성립한다. 대가는 활용률이다 — 남는 자원을 놀리는 것이 정상 동작이다. (v-10)"
"안전 순열","현재 가용 자원만으로 남은 요구를 채울 수 있는 참가자를 하나씩 골라 끝내고 그가 쥔 것을 반납받기를 반복해 전원을 끝낼 수 있는 순서다. 하나라도 존재하면 그 상태를 안전하다고 하고, 안전한 상태에서는 교착이 일어나지 않는다. 안전하지 않다고 해서 이미 교착인 것은 아니다 — 교착으로 갈 수 있다는 뜻이다. (v-10)"
"라이브락","참가자들이 계속 실행되고 상태도 바뀌는데 전체 진행은 없는 상태다. 아무도 블록되어 있지 않으므로 자원 할당 그래프에 사이클이 없고, 그래서 교착 검출기로는 영원히 잡히지 않는다. 검출하려면 완료 작업 수나 목표까지 남은 거리 같은 진행 척도를 감시해야 한다. 원인은 참가자들이 같은 규칙으로 같은 판단을 내리는 대칭이고, 해법은 우선순위나 무작위 백오프로 그 대칭을 깨는 것이다. (v-10)"
"기아","특정 참가자가 자원을 계속 얻지 못해 무한정 밀리는 상태다. 교착·라이브락과 달리 시스템 전체는 진행하고 있고 한 참가자만 손해를 본다. 대칭을 깨려고 고정 우선순위를 도입하면 낮은 쪽에 기아가 생기므로, 대기 시간을 우선순위에 섞어 오래 기다린 쪽이 언젠가 이기게 만든다. (v-10)"
"다익스트라 알고리즘","가중치가 0 이상인 그래프에서 한 시작점으로부터 모든 정점까지의 최단경로를 구하는 알고리즘이다. 구조는 BFS와 같고 열린 목록이 큐에서 우선순위 큐로 바뀐 것뿐이다. 정확성은 확정 불변식에 기댄다 — 힙에서 유효한 항목 (d, u)를 꺼내는 순간 d가 곧 최단 거리다. 이 불변식의 증명은 최단경로 위 남은 구간의 비용이 0 이상이라는 데 매달려 있고, 그래서 음수 간선이 하나라도 있으면 무너진다. 힙 판의 시간 복잡도는 O(E log V)다. (v-1)"
"게으른 삭제","우선순위 큐 안의 낡은 항목을 지우지 않고 새 값을 하나 더 넣은 뒤, 꺼낼 때 유효성을 검사해 버리는 관용구다. 다익스트라에서 감소 키(decrease-key) 대신 쓰인다. 힙에 들어가는 항목이 정점 수가 아니라 완화 성공 횟수만큼(O(E)개)으로 늘지만 log E ≤ 2log V이므로 복잡도는 같고, 표준 라이브러리의 힙만으로 구현된다. 감소 키는 정점에서 힙 인덱스로 가는 대응표를 직접 관리해야 하므로 heapq나 std::priority_queue로는 안 된다. (v-1)"
"벨만-포드 알고리즘","모든 간선을 한 번씩 완화하는 것을 한 라운드로 삼아 V-1 라운드를 도는 최단경로 알고리즘이다. 음수 사이클이 없으면 최단경로의 간선 수가 최대 V-1개이므로 그만큼이면 충분하다. 귀납이 간선을 보는 순서에 전혀 의존하지 않는다는 점에서 순서에 전부를 거는 다익스트라와 정반대다. 시간 복잡도는 O(VE)이고, 음수 간선을 다룰 수 있다. (v-2)"
"SPFA","벨만-포드에서 거리가 갱신된 정점만 큐에 담아 그 정점에서 나가는 간선만 다시 완화하는 최적화다. 구조는 BFS와 같지만 한 정점이 큐에 여러 번 들어갈 수 있다. 무작위 그래프에서는 눈에 띄게 빠르지만 최악 복잡도는 여전히 O(VE)다 — 한 정점의 거리가 최대 V-1번 줄고 그때마다 큐에 들어가며 꺼낼 때마다 차수만큼 간선을 보기 때문이다. (v-2)"
"플로이드-워셜 알고리즘","모든 정점 쌍의 최단경로를 삼중 루프로 구하는 DP다. 상태는 '정점 0..k-1 만 중간 경유지로 써서 i에서 j로 가는 최소 비용'이고, 양 끝 i와 j는 그 제한을 받지 않는다. k 층 전체를 끝낸 뒤 k+1 층을 시작해야 하므로 k가 가장 바깥이어야 하며 이것은 구현 관례가 아니라 계산 순서의 요구다. 시간 O(V^3)·공간 O(V^2)이고 간선 수와 무관하다. 음수 간선을 허용한다. (v-3)"
"이행 폐포","그래프의 각 정점 쌍에 대해 도달 가능 여부를 모두 채운 관계다. 플로이드-워셜의 점화식에서 min을 or로, +를 and로 바꾸면 그대로 얻어진다. 행 하나를 비트셋으로 들면 안쪽 루프가 64칸씩 접혀 V가 1,000 규모여도 돈다. 조직도·부품 구성표의 재귀 질의나 컴파일러의 도달 가능성 분석에 쓰인다. (v-3)"
